,OTN_ARRAY,STATION_NO,DEPLOY_DATE_TIME....yyyy.mm.ddThh.mm.ss.,DEPLOY_LAT,DEPLOY_LONG,BOTTOM_DEPTH,RISER_LENGTH,INSTRUMENT_DEPTH,INS_MODEL_NO,INS_SERIAL_NO,TRANSMITTER,TRANSMIT_MODEL,AR_MODEL_NO,AR_SERIAL_NO,DEPLOYED_BY..Lead.Technicians.,RECOVERED..y.n.l.,RECOVER_DATE_TIME..yyyy.mm.ddThh.mm.ss.,RECOVER_LAT..dd.ddddd.,RECOVER_LONG..ddd.ddddd.,DATA_DOWNLOADED..y.n.,DOWNLOAD_DATE_TIME..yyyy.mm.ddThh.mm.ss.,FILENAME,COMMENTS
1,BTTFLK,ALEXRX,2018-04-26T17:00:00,24.63027485,-81.97419215,6.5532,1,5.5532,VR2Tx,481742,A69-1601-63742,NA,NA,NA,NA,y,2018-08-13T11:40:00,NA,NA,y,2018-08-13T11:40:00,NA,NA
2,BTTFLK,ALEXRX,2018-08-13T11:40:00,24.63027485,-81.97419215,6.5532,1,5.5532,VR2Tx,481742,A69-1601-63742,NA,NA,NA,NA,y,2019-08-08T15:12:00,NA,NA,y,2019-08-08T15:12:00,NA,NA
3,BTTFLK,ALEXRX,2019-08-08T15:12:00,24.63027485,-81.97419215,6.5532,1,5.5532,VR2Tx,481742,A69-1601-63742,NA,NA,NA,NA,n,,NA,NA,n,,NA,NA
4,BTTFLK,ARBRX,2018-06-03T14:00:00,24.59637125,-82.27364875,6.2484,1,5.2484,VR2Tx,481749,A69-1601-63749,NA,NA,NA,NA,y,2018-08-10T14:50:00,NA,NA,y,2018-08-10T14:50:00,NA,NA
5,BTTFLK,ARBRX,2018-08-10T14:50:00,24.59637125,-82.27364875,6.2484,1,5.2484,VR2Tx,481749,A69-1601-63749,NA,NA,NA,NA,y,2019-08-11T11:25:00,NA,NA,y,2019-08-11T11:25:00,NA,NA
6,BTTFLK,ARBRX,2019-08-11T11:25:00,24.59637125,-82.27364875,6.2484,1,5.2484,VR2Tx,481749,A69-1601-63749,NA,NA,NA,NA,n,,NA,NA,n,,NA,NA
7,BTTFLK,BBHVPS5 grid,2019-05-09T15:11:00,24.65717009,-81.28842991,6.49224,1,5.49224,VR2Tx,482626,A69-1601-62626,NA,NA,NA,NA,y,2019-08-06T17:00:00,NA,NA,y,2019-08-06T17:00:00,NA,NA
8,BTTFLK,BBHVPS5 grid,2019-08-06T17:00:00,24.65717009,-81.28842991,6.49224,1,5.49224,VR2Tx,482626,A69-1601-62626,NA,NA,NA,NA,n,,NA,NA,n,,NA,NA
9,BTTFLK,BH1,2019-05-09T09:51:00,24.64546499,-81.29661501,6.94944,1,5.94944,VR2Tx,482629,A69-1601-62629,NA,NA,NA,NA,y,2019-08-06T17:00:00,NA,NA,y,2019-08-06T17:00:00,NA,NA
10,BTTFLK,BH1,2019-08-06T17:00:00,24.64546499,-81.29661501,6.94944,1,5.94944,VR2Tx,482629,A69-1601-62629,NA,NA,NA,NA,n,,NA,NA,n,,NA,NA
11,BTTFLK,Bh10,2019-05-09T10:38:00,24.65535115,-81.29248885,6.21792,1,5.21792,VR2Tx,482622,A69-1601-62622,NA,NA,NA,NA,y,2019-08-06T17:00:00,NA,NA,y,2019-08-06T17:00:00,NA,NA
12,BTTFLK,Bh10,2019-08-06T17:00:00,24.65535115,-81.29248885,6.21792,1,5.21792,VR2Tx,482622,A69-1601-62622,NA,NA,NA,NA,n,,NA,NA,n,,NA,NA
13,BTTFLK,Bh11,2019-05-09T10:45:00,24.66035258,-81.28562742,5.66928,1,4.66928,VR2Tx,482623,A69-1601-62623,NA,NA,NA,NA,y,2019-08-06T17:00:00,NA,NA,y,2019-08-06T17:00:00,NA,NA
14,BTTFLK,Bh11,2019-08-07T12:00:00,24.66035258,-81.28562742,5.66928,1,4.66928,VR2Tx,482623,A69-1601-62623,NA,NA,NA,NA,n,,NA,NA,n,,NA,NA
15,BTTFLK,Bh12,2019-05-09T10:51:00,24.65772034,-81.28621966,4.08432,1,3.08432,VR2Tx,482632,A69-1601-62632,NA,NA,NA,NA,y,2019-08-06T17:00:00,NA,NA,y,2019-08-06T17:00:00,NA,NA
16,BTTFLK,Bh12,2019-08-07T12:00:00,24.65772034,-81.28621966,4.08432,1,3.08432,VR2Tx,482632,A69-1601-62632,NA,NA,NA,NA,n,,NA,NA,n,,NA,NA
17,BTTFLK,BH2,2019-05-09T10:06:00,24.64348308,-81.29364692,4.45008,1,3.45008,VR2Tx,481744,A69-1601-63744,NA,NA,NA,NA,y,2019-08-06T17:00:00,NA,NA,y,2019-08-06T17:00:00,NA,NA
18,BTTFLK,BH2,2019-08-07T12:00:00,24.64348308,-81.29364692,4.45008,1,3.45008,VR2Tx,481744,A69-1601-63744,NA,NA,NA,NA,n,,NA,NA,n,,NA,NA
19,BTTFLK,BH3,2018-05-20T10:00:00,24.65491542,-81.29004458,3.9624,1,2.9624,VR2Tx,481744,A69-1601-63744,NA,NA,NA,NA,y,2018-08-09T11:30:00,NA,NA,y,2018-08-09T11:30:00,NA,NA
20,BTTFLK,BH3,2018-08-09T11:30:00,24.65491542,-81.29004458,3.9624,1,2.9624,VR2Tx,481744,A69-1601-63744,NA,NA,NA,NA,y,2019-03-23T12:00:00,NA,NA,n,,NA,NA
21,BTTFLK,BH3,2019-05-09T16:00:00,24.65491542,-81.29004458,6.46176,1,5.46176,VR2Tx,482627,A69-1601-62627,NA,NA,NA,NA,y,2019-08-06T17:00:00,NA,NA,y,2019-08-06T17:00:00,NA,NA
22,BTTFLK,BH3,2019-08-07T12:00:00,24.65491542,-81.29004458,6.46176,1,5.46176,VR2Tx,482627,A69-1601-62627,NA,NA,NA,NA,n,,NA,NA,n,,NA,NA
23,BTTFLK,BH4,2018-05-20T10:20:00,24.65815701,-81.28826799,6.096,1,5.096,VR2Tx,481740,A69-1601-63740,NA,NA,NA,NA,y,2018-08-09T11:00:00,NA,NA,y,2018-08-09T11:00:00,NA,NA
24,BTTFLK,BH4,2018-08-09T11:00:00,24.65815701,-81.28826799,6.096,1,5.096,VR2Tx,481740,A69-1601-63740,NA,NA,NA,NA,y,2019-03-23T12:00:00,NA,NA,n,,NA,NA
25,BTTFLK,BH4,2019-05-09T16:09:00,24.65815701,-81.28826799,6.5532,1,5.5532,VR2Tx,482624,A69-1601-62624,NA,NA,NA,NA,y,2019-08-06T17:00:00,NA,NA,y,2019-08-06T17:00:00,NA,NA
26,BTTFLK,BH4,2019-08-07T12:00:00,24.65815701,-81.28826799,6.5532,1,5.5532,VR2Tx,482624,A69-1601-62624,NA,NA,NA,NA,n,,NA,NA,n,,NA,NA
27,BTTFLK,BH5,2019-05-09T16:18:00,24.65381106,-81.28905894,5.27304,1,4.27304,VR2Tx,482631,A69-1601-62631,NA,NA,NA,NA,y,2019-08-06T17:00:00,NA,NA,y,2019-08-06T17:00:00,NA,NA
28,BTTFLK,BH5,2019-08-07T12:00:00,24.65381106,-81.28905894,5.27304,1,4.27304,VR2Tx,482631,A69-1601-62631,NA,NA,NA,NA,n,,NA,NA,n,,NA,NA
29,BTTFLK,BH6,2019-05-09T16:29:00,24.65236572,-81.28853428,4.63296,1,3.63296,VR2Tx,482628,A69-1601-62628,NA,NA,NA,NA,y,2019-08-06T17:00:00,NA,NA,y,2019-08-06T17:00:00,NA,NA
30,BTTFLK,BH6,2019-05-09T16:29:00,24.65236572,-81.28853428,4.63296,1,3.63296,VR2Tx,482628,A69-1601-62628,NA,NA,NA,NA,n,,NA,NA,n,,NA,NA
31,BTTFLK,BH7,2019-05-09T15:20:00,24.64804665,-81.29920335,5.85216,1,4.85216,VR2Tx,482630,A69-1601-62630,NA,NA,NA,NA,y,2019-08-06T17:00:00,NA,NA,y,2019-08-06T17:00:00,NA,NA
32,BTTFLK,BH7,2019-08-07T12:00:00,24.64804665,-81.29920335,5.85216,1,4.85216,VR2Tx,482630,A69-1601-62630,NA,NA,NA,NA,n,,NA,NA,n,,NA,NA
33,BTTFLK,BH8,2019-05-09T15:32:00,24.64921371,-81.29277629,4.90728,1,3.90728,VR2Tx,482621,A69-1601-62621,NA,NA,NA,NA,y,2019-08-06T17:00:00,NA,NA,y,2019-08-06T17:00:00,NA,NA
34,BTTFLK,BH8,2019-08-07T12:00:00,24.64921371,-81.29277629,4.90728,1,3.90728,VR2Tx,482621,A69-1601-62621,NA,NA,NA,NA,n,,NA,NA,n,,NA,NA
35,BTTFLK,BH9,2019-05-09T10:23:00,24.65622193,-81.29382807,5.1816,1,4.1816,VR2Tx,482625,A69-1601-62625,NA,NA,NA,NA,y,2019-08-06T17:00:00,NA,NA,y,2019-08-06T17:00:00,NA,NA
36,BTTFLK,BH9,2019-08-07T12:00:00,24.65622193,-81.29382807,5.1816,1,4.1816,VR2Tx,482625,A69-1601-62625,NA,NA,NA,NA,n,,NA,NA,n,,NA,NA
37,BTTFLK,BHVPS_01,2019-03-23T12:00:00,24.64926316,-81.29421684,4.6,1,3.6,VR2Tx,482624,A69-1601-62624,NA,NA,NA,NA,y,2019-03-30T16:17:00,NA,NA,y,2019-03-30T18:00:00,NA,NA
38,BTTFLK,BHVPS_02,2019-03-23T12:00:00,24.65175298,-81.29127702,4.1,1,3.1,VR2Tx,482625,A69-1601-62625,NA,NA,NA,NA,y,2019-03-30T15:33:00,NA,NA,y,2019-03-30T18:00:00,NA,NA
39,BTTFLK,BHVPS_03,2019-03-23T12:00:00,24.65304206,-81.28751794,4.3,1,3.3,VR2Tx,482630,A69-1601-62630,NA,NA,NA,NA,y,2019-03-30T16:43:00,NA,NA,y,2019-03-30T18:00:00,NA,NA
40,BTTFLK,BHVPS_04,2019-03-23T12:00:00,24.66437927,-81.27931073,6.5,1,5.5,VR2Tx,482626,A69-1601-62626,NA,NA,NA,NA,y,2019-03-30T16:29:00,NA,NA,y,2019-03-30T18:00:00,NA,NA
41,BTTFLK,BHVPS_05,2019-03-23T12:00:00,24.66467599,-81.28029401,5.8,1,4.8,VR2Tx,482622,A69-1601-62622,NA,NA,NA,NA,y,2019-03-30T15:51:00,NA,NA,y,2019-03-30T18:00:00,NA,NA
42,BTTFLK,BHVPS_06,2019-03-23T12:00:00,24.66573893,-81.27550107,5.4,1,4.4,VR2Tx,482628,A69-1601-62628,NA,NA,NA,NA,y,2019-03-30T16:37:00,NA,NA,y,2019-03-30T18:00:00,NA,NA
43,BTTFLK,BHVPS_07,2019-03-23T12:00:00,24.6645538,-81.2826062,5.8,1,4.8,VR2Tx,482621,A69-1601-62621,NA,NA,NA,NA,y,2019-03-30T15:23:00,NA,NA,y,2019-03-30T18:00:00,NA,NA
44,BTTFLK,BHVPS_08,2019-03-23T12:00:00,24.65904765,-81.28636235,6,1,5,VR2Tx,482629,A69-1601-62629,NA,NA,NA,NA,y,2019-03-30T16:08:00,NA,NA,y,2019-03-30T18:00:00,NA,NA
45,BTTFLK,BHVPS_09,2019-03-23T12:00:00,24.6593861,-81.2838939,5.5,1,4.5,VR2Tx,482631,A69-1601-62631,NA,NA,NA,NA,y,2019-03-30T15:43:00,NA,NA,y,2019-03-30T18:00:00,NA,NA
46,BTTFLK,BHVPS_10,2019-03-23T12:00:00,24.65276886,-81.29267114,5.2,1,4.2,VR2Tx,482623,A69-1601-62623,NA,NA,NA,NA,y,2019-03-30T15:27:00,NA,NA,y,2019-03-30T18:00:00,NA,NA
47,BTTFLK,BHVPS_11,2019-03-23T12:00:00,24.65616014,-81.29054986,7.7,1,6.7,VR2Tx,482632,A69-1601-62632,NA,NA,NA,NA,y,2019-03-30T15:56:00,NA,NA,y,2019-03-30T18:00:00,NA,NA
48,BTTFLK,BHVPS_12,2019-03-23T12:00:00,24.65431402,-81.29070598,6.9,1,5.9,VR2Tx,482627,A69-1601-62627,NA,NA,NA,NA,y,2019-03-30T16:24:00,NA,NA,y,2019-03-30T18:00:00,NA,NA
49,BTTFLK,BHVPS_13,2019-03-23T12:00:00,24.66793775,-81.27926225,7.1,1,6.1,VR2Tx,481740,A69-1601-63740,NA,NA,NA,NA,y,2019-03-30T16:02:00,NA,NA,y,2019-03-30T18:00:00,NA,NA
50,BTTFLK,BHVPS_14,2019-03-23T12:00:00,24.66947171,-81.27892829,6.4,1,5.4,VR2Tx,481744,A69-1601-63744,NA,NA,NA,NA,y,2019-03-30T15:17:00,NA,NA,y,2019-03-30T18:00:00,NA,NA
51,BTTFLK,Boca Grande Pass,2019-04-18T00:00:00,NA,NA,4,1,1.5,VR2W,133104,,NA,NA,NA,NA,n,,NA,NA,n,,NA,NA
52,BTTFLK,BOSRX,2018-05-31T15:00:00,24.96113989,-81.88148011,17.6784,1,16.6784,VR2W,112525,,NA,NA,NA,NA,y,2018-08-11T12:30:00,NA,NA,y,2018-08-11T12:30:00,NA,NA
53,BTTFLK,BOSRX,2018-08-11T12:30:00,24.96113989,-81.88148011,17.6784,1,16.6784,VR2W,112525,,NA,NA,NA,NA,y,2019-08-08T11:00:00,NA,NA,y,2019-08-08T11:00:00,NA,NA
54,BTTFLK,BOSRX,2019-08-08T11:00:00,24.96113989,-81.88148011,17.6784,1,16.6784,VR2W,112525,,NA,NA,NA,NA,n,,NA,NA,n,,NA,NA
55,BTTFLK,BTT1,2015-09-02T14:40:00,24.7476075,-81.57867246,3.3528,1,2.3528,VR2W,120319,,NA,NA,NA,NA,y,2016-08-05T9:20:00,NA,NA,y,2016-08-05T9:20:00,NA,NA
56,BTTFLK,BTT1,2016-08-05T09:20:00,24.7476075,-81.57867246,3.3528,1,2.3528,VR2W,120319,,NA,NA,NA,NA,y,2017-06-15T12:00:00,NA,NA,y,2017-06-15T12:00:00,NA,NA
57,BTTFLK,BTT1,2017-06-15T12:10:00,24.7476075,-81.57867246,3.3528,1,2.3528,VR2W,120221,,NA,NA,NA,NA,y,2018-08-07T12:15:00,NA,NA,y,2018-08-07T12:15:00,NA,NA
58,BTTFLK,BTT1,2018-08-07T12:30:00,24.7476075,-81.57867246,3.3528,1,2.3528,VR2W,120221,,NA,NA,NA,NA,y,2019-08-09T12:40:00,NA,NA,y,2019-08-09T12:40:00,NA,NA
59,BTTFLK,BTT1,2018-08-07T12:30:00,24.7476075,-81.57867246,3.3528,1,2.3528,VR2W,120221,,NA,NA,NA,NA,n,,NA,NA,n,,NA,NA
60,BTTFLK,BTT11,2015-09-02T12:58:00,24.71335022,-81.65343978,2.1336,1,1.1336,VR2W,127789,,NA,NA,NA,NA,y,2016-09-20T12:00:00,NA,NA,y,2016-09-20T12:00:00,NA,NA
61,BTTFLK,BTT11,2016-09-20T12:00:00,24.71335022,-81.65343978,2.1336,1,1.1336,VR2W,103538,,NA,NA,NA,NA,y,2017-07-13T12:00:00,NA,NA,y,2017-07-13T12:00:00,NA,NA
62,BTTFLK,BTT11,2017-07-13T12:00:00,24.71335022,-81.65343978,2.1336,1,1.1336,VR2W,127792,,NA,NA,NA,NA,y,2018-08-07T9:40:00,NA,NA,y,2018-08-07T9:40:00,NA,NA
63,BTTFLK,BTT11,2018-08-07T09:50:00,24.71335022,-81.65343978,2.1336,1,1.1336,VR2W,127792,,NA,NA,NA,NA,y,2019-08-10T13:47:00,NA,NA,y,2019-08-10T13:47:00,NA,NA
64,BTTFLK,BTT11,2019-08-10T13:47:00,24.71335022,-81.65343978,2.1336,1,1.1336,VR2W,127792,,NA,NA,NA,NA,n,,NA,NA,n,,NA,NA
65,BTTFLK,BTT12,2015-09-12T13:00:00,24.6940919,-81.6880181,3.3528,1,2.3528,VR2W,120228,,NA,NA,NA,NA,y,2016-08-03T9:50:00,NA,NA,y,2016-08-03T9:50:00,NA,NA
66,BTTFLK,BTT12,2016-08-03T10:00:00,24.6940919,-81.6880181,3.3528,1,2.3528,VR2W,120228,,NA,NA,NA,NA,y,2017-07-06T12:00:00,NA,NA,y,2017-07-06T12:00:00,NA,NA
67,BTTFLK,BTT12,2017-07-06T12:15:00,24.6940919,-81.6880181,3.3528,1,2.3528,VR2W,127776,,NA,NA,NA,NA,y,2018-08-07T16:17:00,NA,NA,y,2018-08-07T16:17:00,NA,NA
68,BTTFLK,BTT12,2018-08-07T16:30:00,24.6940919,-81.6880181,3.3528,1,2.3528,VR2W,127776,,NA,NA,NA,NA,y,2019-08-09T14:23:00,NA,NA,y,2019-08-09T14:23:00,NA,NA
69,BTTFLK,BTT12,2019-08-09T14:23:00 ,24.6940919,-81.6880181,3.3528,1,2.3528,VR2W,127776,,NA,NA,NA,NA,n,,NA,NA,n,,NA,NA
70,BTTFLK,BTT13,2015-09-12T10:50:00,24.64301934,-81.73356403,2.7432,1,1.7432,VR2W,108783,,NA,NA,NA,NA,y,2016-08-08T11:00:00,NA,NA,y,2016-08-08T11:00:00,NA,NA
71,BTTFLK,BTT13,2016-08-08T11:00:00,24.64301934,-81.73356403,2.7432,1,1.7432,VR2W,108783,,NA,NA,NA,NA,y,2017-07-03T16:00:00,NA,NA,y,2017-07-03T16:00:00,NA,NA
72,BTTFLK,BTT13,2017-07-03T16:30:00,24.64301934,-81.73356403,2.7432,1,1.7432,VR2W,127775,,NA,NA,NA,NA,y,2018-08-07T16:25:00,NA,NA,y,2018-08-07T16:25:00,NA,NA
73,BTTFLK,BTT13,2018-08-07T16:25:00 ,24.64301934,-81.73356403,2.7432,1,1.7432,VR2W,127775,,NA,NA,NA,NA,y,2019-08-09T16:40:00,NA,NA,y,2019-08-09T16:40:00,NA,NA
74,BTTFLK,BTT13,2019-08-09T16:40:00,24.64301934,-81.73356403,2.7432,1,1.7432,VR2W,127775,,NA,NA,NA,NA,n,,NA,NA,n,,NA,NA
75,BTT14,BTT14,2016-08-05T12:40:00,24.80661661,-81.47079939,4,1,3,VR2W,127795,,NA,NA,NA,NA,y,2017-06-15T10:20:00,NA,NA,y,2017-06-15T10:20:00,NA,NA
76,BTT14,BTT14,2017-06-15T10:20:00,24.80661661,-81.47079939,4,1,3,VR2W,129234,,NA,NA,NA,NA,n,2018-01-23T12:45:00,NA,NA,n,,NA,NA
77,BTT14,BTT14,2018-01-23T13:40:00,24.80661661,-81.47079939,3.96,1,2.96,VR2W,127789,,NA,NA,NA,NA,y,2018-08-07T14:34:00,NA,NA,y,2018-08-07T14:34:00,NA,NA
78,BTT14,BTT14,2018-08-07T14:50:00,24.80661661,-81.47079939,3.96,1,2.96,VR2W,127789,,NA,NA,NA,NA,y,2019-08-09T11:45:00,NA,NA,y,2019-08-09T11:45:00,NA,NA
79,BTT14,BTT14,2019-08-09T11:45:00,24.80661661,-81.47079939,3.96,1,2.96,VR2W,127789,,NA,NA,NA,NA,n,,NA,NA,n,,NA,NA
80,BTT14,BTT14A,2015-09-11T15:00:00,24.78543156,-81.49373844,3.2,1,2.2,VR2W,127795,,NA,NA,NA,NA,y,2016-08-05T12:40:00,NA,NA,y,2016-08-05T12:40:00,NA,NA
81,BTTFLK,BTT15,2016-03-25T11:30:00,24.58474121,-82.08667546,6.096,1,5.096,VR2W,110042,,NA,NA,NA,NA,y,2016-09-19T15:17:00,NA,NA,y,2016-09-19T15:17:00,NA,NA
82,BTTFLK,BTT15,2016-09-19T15:17:00,24.58474121,-82.08667546,6.096,1,5.096,VR2W,120223,,NA,NA,NA,NA,y,2017-06-29T12:00:00,NA,NA,y,2017-06-29T12:00:00,NA,NA
83,BTTFLK,BTT15,2017-06-29T12:00:00,24.58474121,-82.08667546,6.096,1,5.096,VR2W,127782,,NA,NA,NA,NA,y,2018-08-10T12:30:00,NA,NA,y,2018-08-10T12:30:00,NA,NA
84,BTTFLK,BTT15,2018-08-10T12:50:00,24.58474121,-82.08667546,6.096,1,5.096,VR2W,127782,,NA,NA,NA,NA,y,2019-08-11T14:10:00,NA,NA,y,2019-08-11T14:10:00,NA,NA
85,BTTFLK,BTT15,2019-08-11T14:10:00 ,24.58474121,-82.08667546,6.096,1,5.096,VR2W,127782,,NA,NA,NA,NA,n,,NA,NA,n,,NA,NA
86,BTTFLK,BTT16,2015-09-02T12:00:00,24.67838556,-81.66678344,1.524,1,0.524,VR2W,127787,,NA,NA,NA,NA,y,2016-08-08T13:15:00,NA,NA,y,2016-08-08T13:15:00,NA,NA
87,BTTFLK,BTT16,2016-08-08T13:40:00,24.67838556,-81.66678344,1.524,1,0.524,VR2W,127787,,NA,NA,NA,NA,y,2017-07-06T12:00:00,NA,NA,y,2017-07-06T12:00:00,NA,NA
88,BTTFLK,BTT16,2017-07-06T12:30:00,24.67838556,-81.66678344,1.524,1,0.524,VR2W,100100,,NA,NA,NA,NA,y,2018-08-08T9:12:00,NA,NA,y,2018-08-08T9:12:00,NA,NA
89,BTTFLK,BTT16,2018-08-08T09:25:00,24.67838556,-81.66678344,1.524,1,0.524,VR2W,100100,,NA,NA,NA,NA,y,2019-08-09T18:30:00,NA,NA,y,2019-08-09T18:30:00,NA,NA
90,BTTFLK,BTT16,2019-08-09T18:30:00,24.67838556,-81.66678344,1.524,1,0.524,VR2W,100100,,NA,NA,NA,NA,n,,NA,NA,n,,NA,NA
91,BTTFLK,BTT17,2016-03-18T15:00:00,24.72220615,-81.63424385,3.6576,1,2.6576,VR2W,106250,,NA,NA,NA,NA,y,2016-08-02T9:15:00,NA,NA,y,2016-08-02T9:15:00,NA,NA
92,BTTFLK,BTT17,2016-08-02T09:30:00,24.72220615,-81.63424385,3.6576,1,2.6576,VR2W,106250,,NA,NA,NA,NA,y,2017-07-13T16:00:00,NA,NA,y,2017-07-13T16:00:00,NA,NA
93,BTTFLK,BTT17,2017-07-13T16:30:00,24.72220615,-81.63424385,3.6576,1,2.6576,VR2W,120322,,NA,NA,NA,NA,n,2018-01-22T9:15:00,NA,NA,n,,NA,NA
94,BTTFLK,BTT17,2018-01-22T09:15:00,24.72220615,-81.63424385,3.6576,1,2.6576,VR2W,132827,,NA,NA,NA,NA,y,2018-08-07T10:22:00,NA,NA,y,2018-08-07T10:22:00,NA,NA
95,BTTFLK,BTT17,2018-08-07T10:40:00 ,24.72220615,-81.63424385,3.6576,1,2.6576,VR2W,132827,,NA,NA,NA,NA,y,2019-08-09T13:25:00,NA,NA,y,2019-08-09T13:25:00,NA,NA
96,BTTFLK,BTT17,2019-08-09T13:25:00,24.72220615,-81.63424385,3.6576,1,2.6576,VR2W,132827,,NA,NA,NA,NA,n,,NA,NA,n,,NA,NA
97,BTTFLK,BTT18,2015-09-02T00:00:00,24.68457251,-81.69574749,1.6764,1,0.6764,VR2W,127790,,NA,NA,NA,NA,y,2016-08-02T12:40:00,NA,NA,y,2016-08-02T12:40:00,NA,NA
98,BTTFLK,BTT18,2016-08-02T13:10:00,24.68457251,-81.69574749,1.6764,1,0.6764,VR2W,127790,,NA,NA,NA,NA,y,2017-07-06T16:00:00,NA,NA,y,2017-07-06T16:00:00,NA,NA
99,BTTFLK,BTT18,2017-07-06T16:30:00,24.68457251,-81.69574749,1.6764,1,0.6764,VR2W,127778,,NA,NA,NA,NA,y,2018-08-07T16:48:00,NA,NA,y,2018-08-07T16:48:00,NA,NA
100,BTTFLK,BTT18,2018-08-07T17:20:00,24.68457251,-81.69574749,1.6764,1,0.6764,VR2W,127778,,NA,NA,NA,NA,y,2019-08-09T14:45:00,NA,NA,y,2019-08-09T14:45:00,NA,NA
101,BTTFLK,BTT18,2019-08-09T14:45:00 ,24.68457251,-81.69574749,1.6764,1,0.6764,VR2W,127778,,NA,NA,NA,NA,n,,NA,NA,n,,NA,NA
102,BTTFLK,BTT19,2015-09-01T11:51:00,24.6782099,-81.67824308,1.85928,1,0.85928,VR2W,127778,,NA,NA,NA,NA,y,2016-08-08T14:45:00,NA,NA,y,2016-08-08T14:45:00,NA,NA
103,BTTFLK,BTT19,2016-08-08T15:15:00,24.6782099,-81.67824308,1.85928,1,0.85928,VR2W,127778,,NA,NA,NA,NA,y,2017-07-03T12:00:00,NA,NA,y,2017-07-03T12:00:00,NA,NA
104,BTTFLK,BTT19,2017-07-03T12:03:00,24.6782099,-81.67824308,1.85928,1,0.85928,VR2W,120223,,NA,NA,NA,NA,y,2018-08-08T9:50:00,NA,NA,y,2018-08-08T9:50:00,NA,NA
105,BTTFLK,BTT19,2018-08-08T10:30:00,24.6782099,-81.67824308,1.85928,1,0.85928,VR2W,120223,,NA,NA,NA,NA,y,2019-08-09T17:50:00,NA,NA,y,2019-08-09T17:50:00,NA,NA
106,BTTFLK,BTT19,2019-08-09T17:50:00,24.6782099,-81.67824308,1.85928,1,0.85928,VR2W,120223,,NA,NA,NA,NA,n,,NA,NA,n,,NA,NA
107,BTTFLK,BTT2,2015-09-09T09:10:00,24.75543795,-81.5389291,3.048,1,2.048,VR2W,100097,,NA,NA,NA,NA,y,2016-08-01T15:00:00,NA,NA,y,2016-08-01T15:00:00,NA,NA
108,BTTFLK,BTT2,2016-08-01T15:20:00,24.75543795,-81.5389291,3.048,1,2.048,VR2W,100097,,NA,NA,NA,NA,y,2017-07-07T12:00:00,NA,NA,y,2017-07-07T12:00:00,NA,NA
109,BTTFLK,BTT2,2017-07-07T12:30:00,24.75543795,-81.5389291,3.048,1,2.048,VR2W,120318,,NA,NA,NA,NA,y,2018-08-07T13:17:00,NA,NA,y,2018-08-07T13:17:00,NA,NA
110,BTTFLK,BTT2,2018-08-14T12:00:00,24.75543795,-81.5389291,3.048,1,2.048,VR2W,120318,,NA,NA,NA,NA,y,2019-08-09T9:45:00,NA,NA,y,2019-08-09T9:45:00,NA,NA
111,BTTFLK,BTT2,2019-08-09T09:45:00,24.75543795,-81.5389291,3.048,1,2.048,VR2W,120318,,NA,NA,NA,NA,n,,NA,NA,n,,NA,NA
112,BTTFLK,BTT20,2015-09-01T11:43:00,24.65807859,-81.69434244,1.85928,1,0.85928,VR2W,120224,,NA,NA,NA,NA,y,2016-08-08T14:05:00,NA,NA,y,2016-08-08T14:05:00,NA,NA
113,BTTFLK,BTT20,2016-08-08T14:05:00,24.65807859,-81.69434244,1.85928,1,0.85928,VR2W,120224,,NA,NA,NA,NA,y,2017-07-03T12:00:00,NA,NA,y,2017-07-03T12:00:00,NA,NA
114,BTTFLK,BTT20,2017-07-03T12:00:00,24.65807859,-81.69434244,1.85928,1,0.85928,VR2W,127788,,NA,NA,NA,NA,y,2018-08-08T10:15:00,NA,NA,y,2018-08-08T10:15:00,NA,NA
115,BTTFLK,BTT20,2018-08-08T10:15:00,24.65807859,-81.69434244,1.85928,1,0.85928,VR2W,127788,,NA,NA,NA,NA,y,2019-08-09T17:20:00,NA,NA,y,2019-08-09T17:20:00,NA,NA
116,BTTFLK,BTT20,2019-08-09T17:20:00,24.65807859,-81.69434244,1.85928,1,0.85928,VR2W,127788,,NA,NA,NA,NA,n,,NA,NA,n,,NA,NA
117,BTTFLK,BTT21,2015-09-01T00:00:00,24.68376663,-81.6951703,2.1336,1,1.1336,VR2W,127779,,NA,NA,NA,NA,y,2016-08-08T14:45:00,NA,NA,y,2016-08-08T14:45:00,NA,NA
118,BTTFLK,BTT21,2016-08-08T15:05:00,24.68376663,-81.6951703,2.1336,1,1.1336,VR2W,127779,,NA,NA,NA,NA,y,2017-07-03T12:00:00,NA,NA,y,2017-07-03T12:00:00,NA,NA
119,BTTFLK,BTT21,2017-07-03T12:00:00,24.68376663,-81.6951703,2.1336,1,1.1336,VR2W,120229,,NA,NA,NA,NA,y,2018-08-08T11:15:00,NA,NA,y,2018-08-08T11:15:00,NA,NA
120,BTTFLK,BTT21,2018-08-08T11:15:00 ,24.68376663,-81.6951703,2.1336,1,1.1336,VR2W,120229,,NA,NA,NA,NA,y,2019-08-09T18:10:00,NA,NA,y,2019-08-09T18:10:00,NA,NA
121,BTTFLK,BTT21,2019-08-09T18:10:00,24.68376663,-81.6951703,2.1336,1,1.1336,VR2W,120229,,NA,NA,NA,NA,n,,NA,NA,n,,NA,NA
122,BTTFLK,BTT22,2015-09-11T11:00:00,24.75929085,-81.50561915,2,1,1,VR2W,127797,,NA,NA,NA,NA,y,2016-08-05T12:00:00,NA,NA,y,2016-08-05T12:00:00,NA,NA
123,BTTFLK,BTT22,2016-08-05T12:00:00,24.75929085,-81.50561915,2,1,1,VR2W,127797,,NA,NA,NA,NA,y,2017-06-15T15:00:00,NA,NA,y,2017-06-15T15:00:00,NA,NA
124,BTTFLK,BTT22,2017-06-15T15:00:00,24.75929085,-81.50561915,2,1,1,VR2W,127789,,NA,NA,NA,NA,y,2018-01-23T13:00:00,NA,NA,n,,NA,NA
125,BTTFLK,BTT23,2015-09-01T12:19:00,24.666291,-81.70442303,2.19456,1,1.19456,VR2W,127777,,NA,NA,NA,NA,y,2016-08-08T14:20:00,NA,NA,y,2016-08-08T14:20:00,NA,NA
126,BTTFLK,BTT23,2016-08-08T14:20:00,24.666291,-81.70442303,2.19456,1,1.19456,VR2W,127777,,NA,NA,NA,NA,y,2017-07-03T12:00:00,NA,NA,y,2017-07-03T12:00:00,NA,NA
127,BTTFLK,BTT23,2017-07-03T12:00:00,24.666291,-81.70442303,2.19456,1,1.19456,VR2W,127799,,NA,NA,NA,NA,y,2018-08-08T10:50:00,NA,NA,y,2018-08-08T10:50:00,NA,NA
128,BTTFLK,BTT23,2018-08-08T10:50:00,24.666291,-81.70442303,2.19456,1,1.19456,VR2W,127799,,NA,NA,NA,NA,y,2019-08-09T17:00:00,NA,NA,y,2019-08-09T17:00:00,NA,NA
129,BTTFLK,BTT23,2019-08-09T17:00:00,24.666291,-81.70442303,2.19456,1,1.19456,VR2W,127799,,NA,NA,NA,NA,n,,NA,NA,n,,NA,NA
130,BTTFLK,BTT24,2016-08-03T12:00:00,24.70705216,-81.66796784,3.048,1,2.048,VR2W,120322,,NA,NA,NA,NA,y,2017-07-06T12:00:00,NA,NA,y,2017-07-06T12:00:00,NA,NA
131,BTTFLK,BTT24,2017-07-06T12:00:00,24.70705216,-81.66796784,3.048,1,2.048,VR2W,120224,,NA,NA,NA,NA,y,2018-08-07T9:20:00,NA,NA,y,2018-08-07T9:20:00,NA,NA
132,BTTFLK,BTT24,2018-08-07T09:20:00,24.70705216,-81.66796784,3.048,1,2.048,VR2W,120224,,NA,NA,NA,NA,y,2019-08-09T14:05:00,NA,NA,y,2019-08-09T14:05:00,NA,NA
133,BTTFLK,BTT24,2019-08-09T14:05:00,24.70705216,-81.66796784,3.048,1,2.048,VR2W,120224,,NA,NA,NA,NA,n,,NA,NA,n,,NA,NA
134,BTTFLK,BTT24A,2015-09-01T11:10:00,24.64182662,-81.69263338,1.5,1,0.5,VR2W,120322,,NA,NA,NA,NA,y,2016-08-03T12:00:00,NA,NA,y,2016-08-03T12:00:00,NA,NA
135,BTTFLK,BTT25,2016-08-03T12:00:00,24.6829436,-81.7065664,2.4384,1,1.4384,VR2W,120225,,NA,NA,NA,NA,y,2017-07-06T12:00:00,NA,NA,y,2017-07-06T12:00:00,NA,NA
136,BTTFLK,BTT25,2017-07-06T12:00:00,24.6829436,-81.7065664,2.4384,1,1.4384,VR2W,127777,,NA,NA,NA,NA,y,2018-08-08T11:20:00,NA,NA,y,2018-08-08T11:20:00,NA,NA
137,BTTFLK,BTT25,2018-08-08T11:20:00,24.6829436,-81.7065664,2.4384,1,1.4384,VR2W,127777,,NA,NA,NA,NA,y,2019-08-09T15:15:00,NA,NA,y,2019-08-09T15:15:00,NA,NA
138,BTTFLK,BTT25,2019-08-09T15:15:00,24.6829436,-81.7065664,2.4384,1,1.4384,VR2W,127777,,NA,NA,NA,NA,n,,NA,NA,n,,NA,NA
139,BTTFLK,BTT25A,2015-09-01T10:48:00,24.64047625,-81.71010375,1.5,1,0.5,VR2W,120225,,NA,NA,NA,NA,y,2016-08-03T12:00:00,NA,NA,y,2016-08-03T12:00:00,NA,NA
140,BTTFLK,BTT26,2015-09-12T11:00:00,24.66201669,-81.72228331,2.4384,1,1.4384,VR2W,127793,,NA,NA,NA,NA,y,2016-08-08T12:00:00,NA,NA,y,2016-08-08T12:00:00,NA,NA
141,BTTFLK,BTT26,2016-08-08T12:00:00,24.66201669,-81.72228331,2.4384,1,1.4384,VR2W,127793,,NA,NA,NA,NA,y,2017-07-06T12:00:00,NA,NA,y,2017-07-06T12:00:00,NA,NA
142,BTTFLK,BTT26,2017-07-06T12:00:00,24.66201669,-81.72228331,2.4384,1,1.4384,VR2W,108783,,NA,NA,NA,NA,y,2018-08-07T18:00:00,NA,NA,y,2018-08-07T18:00:00,NA,NA
143,BTTFLK,BTT26,2018-08-07T18:00:00,24.66201669,-81.72228331,2.4384,1,1.4384,VR2W,108783,,NA,NA,NA,NA,y,2019-08-09T16:25:00,NA,NA,y,2019-08-09T16:25:00,NA,NA
144,BTTFLK,BTT26,2019-08-09T16:25:00,24.66201669,-81.72228331,2.4384,1,1.4384,VR2W,108783,,NA,NA,NA,NA,n,,NA,NA,n,,NA,NA
145,BTTFLK,BTT27,2016-08-02T14:15:00,24.67915754,-81.72757546,4,1,3,VR2W,120318,,NA,NA,NA,NA,y,2016-08-08T11:30:00,NA,NA,y,2016-08-08T11:30:00,NA,NA
146,BTTFLK,BTT27,2016-08-08T11:30:00,24.67915754,-81.72757546,3.048,1,2.048,VR2W,120318,,NA,NA,NA,NA,y,2017-07-06T17:00:00,NA,NA,y,2017-07-06T17:00:00,NA,NA
147,BTTFLK,BTT27,2017-07-06T17:00:00,24.67915754,-81.72757546,3.048,1,2.048,VR2W,127779,,NA,NA,NA,NA,y,2018-08-07T17:17:00,NA,NA,y,2018-08-07T17:17:00,NA,NA
148,BTTFLK,BTT27,2018-08-07T17:17:00,24.67915754,-81.72757546,3.048,1,2.048,VR2W,127779,,NA,NA,NA,NA,y,2019-08-09T15:35:00,NA,NA,y,2019-08-09T15:35:00,NA,NA
149,BTTFLK,BTT27,2019-08-09T15:35:00,24.67915754,-81.72757546,3.048,1,2.048,VR2W,127779,,NA,NA,NA,NA,n,,NA,NA,n,,NA,NA
150,BTTFLK,BTT27A,2015-08-01T12:37:00,24.66360298,-81.74079702,3,1,2,VR2W,120318,,NA,NA,NA,NA,y,2016-08-02T14:15:00,NA,NA,y,2016-08-02T14:15:00,NA,NA
151,BTTFLK,BTT28,2016-05-24T10:34:00,24.75958917,-81.32639416,3.048,1,2.048,VR2W,127796,,NA,NA,NA,NA,y,2016-08-01T9:40:00,NA,NA,y,2016-08-01T9:40:00,NA,NA
152,BTTFLK,BTT28,2016-08-01T09:40:00,24.75958917,-81.32639416,3.048,1,2.048,VR2W,127796,,NA,NA,NA,NA,y,2017-07-07T12:00:00,NA,NA,y,2017-07-07T12:00:00,NA,NA
153,BTTFLK,BTT28,2017-07-07T12:00:00,24.75958917,-81.32639416,3.048,1,2.048,VR2W,120225,,NA,NA,NA,NA,y,2018-08-09T13:02:00,NA,NA,y,2018-08-09T13:02:00,NA,NA
154,BTTFLK,BTT28,2018-08-09T13:02:00,24.75958917,-81.32639416,3.048,1,2.048,VR2W,120225,,NA,NA,NA,NA,y,2019-08-09T10:55:00,NA,NA,y,,NA,NA
155,BTTFLK,BTT28,2019-08-09T10:55:00,24.75958917,-81.32639416,3.048,1,2.048,VR2W,120225,,NA,NA,NA,NA,n,,NA,NA,n,,NA,NA
156,BTTFLK,BTT29,2015-09-14T10:19:00,24.64171409,-81.89145262,6.096,1,5.096,VR2W,127792,,NA,NA,NA,NA,y,2016-09-19T14:26:00,NA,NA,y,2016-09-19T14:26:00,NA,NA
157,BTTFLK,BTT29,2016-09-19T14:26:00,24.64171409,-81.89145262,6.096,1,5.096,VR2W,120316,,NA,NA,NA,NA,y,2017-06-27T13:13:00,NA,NA,y,2017-06-27T13:13:00,NA,NA
158,BTTFLK,BTT29,2017-06-27T13:13:00,24.64171409,-81.89145262,6.096,1,5.096,VR2W,129248,,NA,NA,NA,NA,n,2018-08-13T9:00:00,NA,NA,n,2018-08-13T9:00:00,NA,NA
159,BTTFLK,BTT3,2016-05-24T09:00:00,24.77526509,-81.29321825,3.6576,1,2.6576,VR2W,127783,,NA,NA,NA,NA,y,2016-09-22T10:30:00,NA,NA,y,2016-09-22T10:30:00,NA,NA
160,BTTFLK,BTT3,2016-09-22T10:30:00,24.77526509,-81.29321825,3.6576,1,2.6576,VR2W,127792,,NA,NA,NA,NA,y,2017-07-07T12:00:00,NA,NA,y,2017-07-07T12:00:00,NA,NA
161,BTTFLK,BTT3,2017-07-07T12:00:00,24.77526509,-81.29321825,3.6576,1,2.6576,VR2W,127787,,NA,NA,NA,NA,y,2018-08-09T13:32:00,NA,NA,y,2018-08-09T13:32:00,NA,NA
162,BTTFLK,BTT3,2018-08-09T13:32:00,24.77526509,-81.29321825,3.6576,1,2.6576,VR2W,127787,,NA,NA,NA,NA,y,2019-08-09T10:30:00,NA,NA,y,2019-08-09T10:30:00,NA,NA
163,BTTFLK,BTT3,2019-08-09T10:30:00,24.77526509,-81.29321825,3.6576,1,2.6576,VR2W,127787,,NA,NA,NA,NA,n,,NA,NA,n,,NA,NA
164,BTTFLK,BTT30,2018-01-22T12:30:00,24.66283965,-81.75601035,3,1,2,VR2W,127794,,NA,NA,NA,NA,y,2018-08-08T11:57:00,NA,NA,y,2018-08-08T11:57:00,NA,NA
165,BTTFLK,BTT30,2018-08-08T11:57:00,24.66283965,-81.75601035,3,1,2,VR2W,127794,,NA,NA,NA,NA,y,2019-08-09T15:45:00,NA,NA,y,2019-08-09T15:45:00,NA,NA
166,BTTFLK,BTT30,2019-08-09T15:45:00,24.66283965,-81.75601035,3,1,2,VR2W,127794,,NA,NA,NA,NA,n,,NA,NA,n,,NA,NA
167,BTTFLK,BTT30A,2015-08-01T13:00:00,24.66478459,-81.75407541,3.2,1,2.2,VR2W,120215,,NA,NA,NA,NA,y,2016-09-20T11:15:00,NA,NA,y,2016-09-20T11:15:00,NA,NA
168,BTTFLK,BTT30A,2016-09-20T11:15:00,24.66478459,-81.75407541,3.2,1,2.2,VR2W,100100,,NA,NA,NA,NA,y,2017-07-03T14:42:00,NA,NA,y,2017-07-03T14:42:00,NA,NA
169,BTTFLK,BTT30A,2017-07-03T14:42:00,24.66478459,-81.75407541,3.2,1,2.2,VR2W,120320,,NA,NA,NA,NA,n,2018-01-22T11:00:00,NA,NA,n,2018-01-22T11:00:00,NA,NA
170,BTTFLK,BTT31,2015-09-01T13:00:00,24.6626342,-81.7562158,2.5,1,1.5,VR2W,127776,,NA,NA,NA,NA,y,2016-08-08T11:15:00,NA,NA,y,2016-08-08T11:15:00,NA,NA
171,BTTFLK,BTT31,2016-08-08T11:15:00,24.6626342,-81.7562158,1.8288,1,0.8288,VR2W,127776,,NA,NA,NA,NA,y,2017-07-03T12:00:00,NA,NA,y,2017-07-03T12:00:00,NA,NA
172,BTTFLK,BTT31,2017-07-03T12:00:00,24.6626342,-81.7562158,1.8288,1,0.8288,VR2W,127794,,NA,NA,NA,NA,y,2018-01-22T12:00:00,NA,NA,n,2018-01-22T12:00:00,NA,NA
173,BTTFLK,BTT32,2015-09-01T13:14:00,24.64656464,-81.78680536,2.16408,1,1.16408,VR2W,120217,,NA,NA,NA,NA,y,2016-09-20T11:50:00,NA,NA,y,2016-09-20T11:50:00,NA,NA
174,BTTFLK,BTT32,2016-09-20T11:50:00,24.64656464,-81.78680536,2.16408,1,1.16408,VR2W,120220,,NA,NA,NA,NA,y,2017-06-27T12:00:00,NA,NA,y,2017-06-27T12:00:00,NA,NA
175,BTTFLK,BTT32,2017-06-27T12:00:00,24.64656464,-81.78680536,2.16408,1,1.16408,VR2W,132832,,NA,NA,NA,NA,y,2018-08-08T13:30:00,NA,NA,y,2018-08-08T13:30:00,NA,NA
176,BTTFLK,BTT32,2018-08-08T13:30:00,24.64656464,-81.78680536,2.16408,1,1.16408,VR2W,132832,,NA,NA,NA,NA,y,2019-08-08T16:30:00,NA,NA,y,2019-08-08T16:30:00,NA,NA
177,BTTFLK,BTT32,2019-08-08T16:30:00,24.64656464,-81.78680536,2.16408,1,1.16408,VR2W,132832,,NA,NA,NA,NA,n,,NA,NA,n,,NA,NA
178,BTTFLK,BTT34,2015-09-01T11:08:00,24.60666427,-81.78743573,3.13944,1,2.13944,VR2W,120229,,NA,NA,NA,NA,y,2016-09-16T10:30:00,NA,NA,y,2016-09-16T10:30:00,NA,NA
179,BTTFLK,BTT34,2016-09-16T10:30:00,24.60666427,-81.78743573,3.13944,1,2.13944,VR2W,127780,,NA,NA,NA,NA,y,2017-06-27T12:00:00,NA,NA,y,2017-06-27T12:00:00,NA,NA
180,BTTFLK,BTT34,2017-06-27T12:00:00,24.60666427,-81.78743573,3.13944,1,2.13944,VR2W,127797,,NA,NA,NA,NA,y,2018-08-10T10:39:00,NA,NA,y,2018-08-10T10:39:00,NA,NA
181,BTTFLK,BTT34,2018-08-10T10:39:00,24.60666427,-81.78743573,3.13944,1,2.13944,VR2W,127797,,NA,NA,NA,NA,y,2019-08-07T19:20:00,NA,NA,y,2019-08-07T19:20:00,NA,NA
182,BTTFLK,BTT34,2019-08-07T19:20:00,24.60666427,-81.78743573,3.13944,1,2.13944,VR2W,127797,,NA,NA,NA,NA,n,,NA,NA,n,,NA,NA
183,BTTFLK,BTT35,2015-09-01T14:31:00,24.58105335,-81.84309967,3.38328,1,2.38328,VR2W,127786,,NA,NA,NA,NA,y,2016-09-16T11:10:00,NA,NA,y,2016-09-16T11:10:00,NA,NA
184,BTTFLK,BTT35,2016-09-16T11:10:00,24.58105335,-81.84309967,3.38328,1,2.38328,VR2W,103197,,NA,NA,NA,NA,y,2016-09-28T10:00:00,NA,NA,y,2016-09-28T10:00:00,NA,NA
185,BTTFLK,BTT35,2016-09-28T10:00:00,24.58105335,-81.84309967,3.38328,1,2.38328,VR2W,127783,,NA,NA,NA,NA,y,2017-05-04T12:00:00,NA,NA,y,2017-05-04T12:00:00,NA,NA
186,BTTFLK,BTT35,2017-05-04T12:00:00,24.58105335,-81.84309967,3.38328,1,2.38328,VR2W,112711,,NA,NA,NA,NA,y,2017-07-20T12:00:00,NA,NA,y,2017-07-20T12:00:00,NA,NA
187,BTTFLK,BTT35,2017-07-20T12:00:00,24.58105335,-81.84309967,3.38328,1,2.38328,VR2W,129237,,NA,NA,NA,NA,y,2018-08-13T13:30:00,NA,NA,y,2018-08-13T13:30:00,NA,NA
188,BTTFLK,BTT35,2018-08-13T13:30:00,24.58105335,-81.84309967,3.38328,1,2.38328,VR2W,129237,,NA,NA,NA,NA,y,2019-08-12T11:20:00,NA,NA,y,2019-08-12T11:20:00,NA,NA
189,BTTFLK,BTT35,2019-08-12T11:20:00,24.58105335,-81.84309967,3.38328,1,2.38328,VR2W,129237,,NA,NA,NA,NA,n,,NA,NA,n,,NA,NA
190,BTTFLK,BTT36,2015-09-01T14:22:00,24.59164139,-81.84577959,3.32232,1,2.32232,VR2W,120324,,NA,NA,NA,NA,y,2016-09-07T14:10:00,NA,NA,y,2016-09-07T14:10:00,NA,NA
191,BTTFLK,BTT36,2016-09-07T14:10:00,24.59164139,-81.84577959,3.32232,1,2.32232,VR2W,112715,,NA,NA,NA,NA,y,2016-09-26T11:30:00,NA,NA,y,2016-09-26T11:30:00,NA,NA
192,BTTFLK,BTT36,2016-09-26T11:30:00,24.59164139,-81.84577959,3.32232,1,2.32232,VR2W,120217,,NA,NA,NA,NA,y,2017-05-04T12:00:00,NA,NA,y,2017-05-04T12:00:00,NA,NA
193,BTTFLK,BTT36,2017-05-04T12:00:00,24.59164139,-81.84577959,3.32232,1,2.32232,VR2W,106353,,NA,NA,NA,NA,y,2017-07-20T12:00:00,NA,NA,y,2017-07-20T12:00:00,NA,NA
194,BTTFLK,BTT36,2017-07-20T12:00:00,24.59164139,-81.84577959,3.32232,1,2.32232,VR2W,120218,,NA,NA,NA,NA,y,2018-08-13T14:00:00,NA,NA,y,2018-08-13T14:00:00,NA,NA
195,BTTFLK,BTT36,2018-08-13T14:00:00,24.59164139,-81.84577959,3.32232,1,2.32232,VR2W,120218,,NA,NA,NA,NA,y,2019-08-12T11:00:00,NA,NA,y,2019-08-12T11:00:00,NA,NA
196,BTTFLK,BTT36,2019-08-12T11:00:00,24.59164139,-81.84577959,3.32232,1,2.32232,VR2W,120218,,NA,NA,NA,NA,n,,NA,NA,n,,NA,NA
197,BTTFLK,BTT37,2015-09-01T11:57:00,24.54387757,-81.85395543,3.01752,1,2.01752,VR2W,127791,,NA,NA,NA,NA,y,2016-08-03T12:10:00,NA,NA,y,2016-08-03T12:10:00,NA,NA
198,BTTFLK,BTT37,2016-08-03T12:10:00,24.54387757,-81.85395543,3.01752,1,2.01752,VR2W,127791,,NA,NA,NA,NA,y,2017-07-17T15:27:00,NA,NA,y,2017-07-17T15:27:00,NA,NA
199,BTTFLK,BTT37,2017-07-17T15:27:00,24.54387757,-81.85395543,3.01752,1,2.01752,VR2W,103538,,NA,NA,NA,NA,y,2018-08-08T16:45:00,NA,NA,y,2018-08-08T16:45:00,NA,NA
200,BTTFLK,BTT37,2018-08-08T16:45:00,24.54387757,-81.85395543,3.01752,1,2.01752,VR2W,114747,,NA,NA,NA,NA,y,2018-08-13T12:45:00,NA,NA,y,2018-08-13T12:45:00,NA,NA
201,BTTFLK,BTT37,2018-08-13T12:45:00 ,24.54387757,-81.85395543,3.01752,1,2.01752,VR2W,114747,,NA,NA,NA,NA,y,2019-08-12T9:15:00,NA,NA,y,2019-08-12T9:15:00,NA,NA
202,BTTFLK,BTT37,2019-08-12T9:15:00,24.54387757,-81.85395543,3.01752,1,2.01752,VR2W,114747,,NA,NA,NA,NA,n,,NA,NA,n,,NA,NA
203,BTTFLK,BTT38,2015-09-01T13:37:00,24.56943084,-81.8610662,1.46304,1,0.46304,VR2W,127780,,NA,NA,NA,NA,y,2016-09-07T14:00:00,NA,NA,y,2016-09-07T14:00:00,NA,NA
204,BTTFLK,BTT38,2016-09-07T14:00:00,24.56943084,-81.8610662,1.46304,1,0.46304,VR2W,103201,,NA,NA,NA,NA,y,2016-09-29T10:40:00,NA,NA,y,2016-09-29T10:40:00,NA,NA
205,BTTFLK,BTT38,2016-09-29T10:40:00,24.56943084,-81.8610662,1.46304,1,0.46304,VR2W,120215,,NA,NA,NA,NA,y,2017-05-04T12:40:00,NA,NA,y,2017-05-04T12:40:00,NA,NA
206,BTTFLK,BTT38,2017-05-04T12:40:00,24.56943084,-81.8610662,1.46304,1,0.46304,VR2W,105109,,NA,NA,NA,NA,y,2017-07-20T11:26:00,NA,NA,y,2017-07-20T11:26:00,NA,NA
207,BTTFLK,BTT38,2017-07-20T11:26:00,24.56943084,-81.8610662,1.46304,1,0.46304,VR2W,127781,,NA,NA,NA,NA,y,2018-08-08T14:25:00,NA,NA,y,2018-08-08T14:25:00,NA,NA
208,BTTFLK,BTT38,2018-08-08T14:25:00 ,24.56943084,-81.8610662,1.46304,1,0.46304,VR2W,127781,,NA,NA,NA,NA,y,2019-08-12T10:40:00,NA,NA,y,2019-08-12T10:40:00,NA,NA
209,BTTFLK,BTT38,2019-08-12T10:40:00,24.56943084,-81.8610662,1.46304,1,0.46304,VR2W,127781,,NA,NA,NA,NA,n,,NA,NA,n,,NA,NA
210,BTTFLK,BTT39,2015-09-01T13:26:00,24.56379432,-81.86206165,1.76784,1,0.76784,VR2W,127799,,NA,NA,NA,NA,y,2016-09-07T13:42:00,NA,NA,y,2016-09-07T13:42:00,NA,NA
211,BTTFLK,BTT39,2016-09-07T13:42:00,24.56379432,-81.86206165,1.76784,1,0.76784,VR2W,108090,,NA,NA,NA,NA,y,2016-09-29T10:30:00,NA,NA,y,2016-09-29T10:30:00,NA,NA
212,BTTFLK,BTT39,2016-09-29T10:30:00,24.56379432,-81.86206165,1.76784,1,0.76784,VR2W,120227,,NA,NA,NA,NA,y,2017-05-04T12:50:00,NA,NA,y,2017-05-04T12:50:00,NA,NA
213,BTTFLK,BTT39,2017-05-04T12:50:00,24.56379432,-81.86206165,1.76784,1,0.76784,VR2W,111353,,NA,NA,NA,NA,y,2017-07-20T11:11:00,NA,NA,y,2017-07-20T23:11:00,NA,NA
214,BTTFLK,BTT39,2017-07-20T11:11:00,24.56379432,-81.86206165,1.76784,1,0.76784,VR2W,110044,,NA,NA,NA,NA,y,2018-08-08T14:43:00,NA,NA,y,2018-08-08T14:43:00,NA,NA
215,BTTFLK,BTT39,2018-08-08T14:43:00,24.56379432,-81.86206165,1.76784,1,0.76784,VR2W,110044,,NA,NA,NA,NA,y,2019-08-12T10:25:00,NA,NA,y,2019-08-12T10:25:00,NA,NA
216,BTTFLK,BTT39,2019-08-12T10:25:00,24.56379432,-81.86206165,1.76784,1,0.76784,VR2W,110044,,NA,NA,NA,NA,n,,NA,NA,n,,NA,NA
217,BTTFLK,BTT4,2015-09-02T13:53:00,24.72000237,-81.59576568,1.8288,1,0.8288,VR2W,127785,,NA,NA,NA,NA,y,2016-08-08T12:15:00,NA,NA,y,2016-08-08T12:15:00,NA,NA
218,BTTFLK,BTT4,2016-08-08T12:15:00,24.72000237,-81.59576568,1.8288,1,0.8288,VR2W,127785,,NA,NA,NA,NA,y,2017-07-13T13:08:00,NA,NA,y,2017-07-13T13:08:00,NA,NA
219,BTTFLK,BTT4,2017-07-13T13:08:00,24.72000237,-81.59576568,1.8288,1,0.8288,VR2W,127790,,NA,NA,NA,NA,y,2018-08-07T11:50:00,NA,NA,y,2018-08-07T11:50:00,NA,NA
220,BTTFLK,BTT4,2018-08-07T11:50:00,24.72000237,-81.59576568,1.8288,1,0.8288,VR2W,127790,,NA,NA,NA,NA,y,2019-08-09T19:00:00,NA,NA,y,2019-08-09T19:00:00,NA,NA
221,BTTFLK,BTT4,2019-08-09T19:00:00,24.72000237,-81.59576568,1.8288,1,0.8288,VR2W,127790,,NA,NA,NA,NA,,,NA,NA,,,NA,NA
222,BTTFLK,BTT40,2015-09-01T12:11:00,24.56281284,-81.85573612,2.22504,1,1.22504,VR2W,127784,,NA,NA,NA,NA,y,2016-09-07T13:26:00,NA,NA,y,2016-09-07T13:26:00,NA,NA
223,BTTFLK,BTT40,2016-09-07T13:26:00,24.56281284,-81.85573612,2.22504,1,1.22504,VR2W,103207,,NA,NA,NA,NA,y,2016-09-26T10:16:00,NA,NA,y,2016-09-26T10:16:00,NA,NA
224,BTTFLK,BTT40,2016-09-26T10:16:00,24.56281284,-81.85573612,2.22504,1,1.22504,VR2W,127789,,NA,NA,NA,NA,y,2017-05-04T14:00:00,NA,NA,y,2017-05-04T14:00:00,NA,NA
225,BTTFLK,BTT40,2017-05-04T14:00:00,24.56281284,-81.85573612,2.22504,1,1.22504,VR2W,113780,,NA,NA,NA,NA,y,2017-07-20T10:42:00,NA,NA,y,2017-07-20T10:42:00,NA,NA
226,BTTFLK,BTT40,2017-07-20T10:42:00,24.56281284,-81.85573612,2.22504,1,1.22504,VR2W,120325,,NA,NA,NA,NA,y,2018-08-08T15:25:00,NA,NA,y,2018-08-08T15:25:00,NA,NA
227,BTTFLK,BTT40,2018-08-08T15:25:00,24.56281284,-81.85573612,2.22504,1,1.22504,VR2W,120325,,NA,NA,NA,NA,y,2019-08-12T10:15:00,NA,NA,y,2019-08-12T10:15:00,NA,NA
228,BTTFLK,BTT40,2019-08-12T10:15:00,24.56281284,-81.85573612,2.22504,1,1.22504,VR2W,120325,,NA,NA,NA,NA,n,,NA,NA,n,,NA,NA
229,BTTFLK,BTT41,2015-09-01T11:43:00,24.53506381,-81.86637216,3,1,2,VR2W,127798,,NA,NA,NA,NA,y,2016-09-28T10:52:00,NA,NA,y,2016-09-28T10:52:00,NA,NA
230,BTTFLK,BTT41,2016-09-28T10:52:00,24.53506381,-81.86637216,3,1,2,VR2W,103199,,NA,NA,NA,NA,y,2017-05-04T13:51:00,NA,NA,y,2017-05-04T13:51:00,NA,NA
231,BTTFLK,BTT41,2017-05-04T13:51:00,24.53506381,-81.86637216,3,1,2,VR2W,100094,,NA,NA,NA,NA,n,2018-01-22T12:30:00,NA,NA,n,2018-01-22T12:30:00,NA,NA
232,BTTFLK,BTT42,2015-09-01T12:59:00,24.54904144,-81.86694459,1.8288,1,0.8288,VR2W,127782,,NA,NA,NA,NA,y,2016-09-07T13:06:00,NA,NA,y,2016-09-07T13:06:00,NA,NA
233,BTTFLK,BTT42,2016-09-07T13:06:00,24.54904144,-81.86694459,1.8288,1,0.8288,VR2W,108089,,NA,NA,NA,NA,y,2016-09-29T10:00:00,NA,NA,y,2016-09-29T10:00:00,NA,NA
234,BTTFLK,BTT42,2016-09-29T10:00:00,24.54904144,-81.86694459,1.8288,1,0.8288,VR2W,127798,,NA,NA,NA,NA,y,2017-05-04T13:30:00,NA,NA,y,2017-05-04T13:30:00,NA,NA
235,BTTFLK,BTT42,2017-05-04T13:30:00,24.54904144,-81.86694459,1.8288,1,0.8288,VR2W,103569,,NA,NA,NA,NA,y,2017-07-20T11:00:00,NA,NA,y,2017-07-20T11:00:00,NA,NA
236,BTTFLK,BTT42,2017-07-20T11:00:00,24.54904144,-81.86694459,1.8288,1,0.8288,VR2W,120317,,NA,NA,NA,NA,y,2018-08-13T13:04:00,NA,NA,y,2018-08-13T13:04:00,NA,NA
237,BTTFLK,BTT42,2018-08-13T13:04:00,24.54904144,-81.86694459,1.8288,1,0.8288,VR2W,120317,,NA,NA,NA,NA,y,2019-08-12T9:40:00,NA,NA,y,2019-08-12T9:40:00,NA,NA
238,BTTFLK,BTT42,2019-08-12T09:40:00,24.54904144,-81.86694459,1.8288,1,0.8288,VR2W,120317,,NA,NA,NA,NA,n,,NA,NA,n,,NA,NA
239,BTTFLK,BTT43,2016-05-24T12:00:00,24.51611981,-82.00896353,4.5,1,3.5,VR2W,127775,,NA,NA,NA,NA,y,2016-09-19T12:06:00,NA,NA,y,2016-09-19T12:06:00,NA,NA
240,BTTFLK,BTT43,2016-09-19T12:06:00,24.51611981,-82.00896353,4.5,1,3.5,VR2W,120321,,NA,NA,NA,NA,n,2017-06-29T13:30:00,NA,NA,n,2017-06-29T13:30:00,NA,NA
241,BTTFLK,BTT44,2015-09-01T13:48:00,24.58936526,-81.86906773,2.7432,1,1.7432,VR2W,127788,,NA,NA,NA,NA,y,2016-09-16T12:00:00,NA,NA,y,2016-09-16T12:00:00,NA,NA
242,BTTFLK,BTT44,2016-09-16T12:00:00,24.58936526,-81.86906773,2.7432,1,1.7432,VR2W,127784,,NA,NA,NA,NA,y,2017-06-27T16:26:00,NA,NA,y,2017-06-27T16:26:00,NA,NA
243,BTTFLK,BTT44,2017-06-27T16:26:00,24.58936526,-81.86906773,2.7432,1,1.7432,VR2W,120319,,NA,NA,NA,NA,y,2018-08-08T15:08:00,NA,NA,y,2018-08-08T15:08:00,NA,NA
244,BTTFLK,BTT44,2018-08-08T15:08:00 ,24.58936526,-81.86906773,2.7432,1,1.7432,VR2W,120319,,NA,NA,NA,NA,y,2019-08-11T17:55:00,NA,NA,y,2019-08-11T17:55:00,NA,NA
245,BTTFLK,BTT44,2019-08-11T17:55:00,24.58936526,-81.86906773,2.7432,1,1.7432,VR2W,120319,,NA,NA,NA,NA,n,,NA,NA,n,,NA,NA
246,BTTFLK,BTT45,2015-09-01T14:05:00,24.59429922,-81.88915878,2.77368,1,1.77368,VR2W,120320,,NA,NA,NA,NA,y,2016-09-16T11:30:00,NA,NA,y,2016-09-16T11:30:00,NA,NA
247,BTTFLK,BTT45,2016-09-16T11:30:00,24.59429922,-81.88915878,2.77368,1,1.77368,VR2W,120324,,NA,NA,NA,NA,y,2017-06-27T14:00:00,NA,NA,y,2017-06-27T14:00:00,NA,NA
248,BTTFLK,BTT45,2017-06-27T14:00:00,24.59429922,-81.88915878,2.77368,1,1.77368,VR2W,100092,,NA,NA,NA,NA,y,2018-08-13T14:25:00,NA,NA,y,2018-08-13T14:25:00,NA,NA
249,BTTFLK,BTT45,2018-08-13T14:25:00,24.59429922,-81.88915878,2.77368,1,1.77368,VR2W,100092,,NA,NA,NA,NA,y,2019-08-12T11:40:00,NA,NA,y,2019-08-12T11:40:00,NA,NA
250,BTTFLK,BTT45,2019-08-12T11:40:00,24.59429922,-81.88915878,2.77368,1,1.77368,VR2W,100092,,NA,NA,NA,NA,n,,NA,NA,n,,NA,NA
251,BTTFLK,BTT46,2015-09-10T10:00:00,24.56426263,-81.87493742,1.8288,1,0.8288,VR2W,120325,,NA,NA,NA,NA,y,2016-08-03T14:55:00,NA,NA,y,2016-08-03T14:55:00,NA,NA
252,BTTFLK,BTT46,2016-08-03T14:55:00,24.56426263,-81.87493742,1.8288,1,0.8288,VR2W,120325,,NA,NA,NA,NA,y,2017-07-17T14:46:00,NA,NA,y,2017-07-17T14:46:00,NA,NA
253,BTTFLK,BTT46,2017-07-17T14:46:00,24.56426263,-81.87493742,1.8288,1,0.8288,VR2W,108784,,NA,NA,NA,NA,y,2018-08-08T15:57:00,NA,NA,y,2018-08-08T15:57:00,NA,NA
254,BTTFLK,BTT46,2018-08-08T15:57:00,24.56426263,-81.87493742,1.8288,1,0.8288,VR2W,108784,,NA,NA,NA,NA,y,2019-08-11T17:40:00,NA,NA,y,2019-08-11T17:40:00,NA,NA
255,BTTFLK,BTT46,2019-08-11T17:40:00,24.56426263,-81.87493742,1.8288,1,0.8288,VR2W,108784,,NA,NA,NA,NA,n,,NA,NA,n,,NA,NA
256,BTTFLK,BTT47,2015-09-10T16:00:00,24.57786596,-81.83026203,3.3528,1,2.3528,VR2W,120321,,NA,NA,NA,NA,y,2016-09-16T10:54:00,NA,NA,y,2016-09-16T10:54:00,NA,NA
257,BTTFLK,BTT47,2016-09-16T10:54:00,24.57786596,-81.83026203,3.3528,1,2.3528,VR2W,127782,,NA,NA,NA,NA,y,2017-06-27T15:00:00,NA,NA,y,2017-06-27T15:00:00,NA,NA
258,BTTFLK,BTT47,2017-06-27T15:00:00,24.57786596,-81.83026203,3.3528,1,2.3528,VR2W,127795,,NA,NA,NA,NA,y,2018-08-13T12:30:00,NA,NA,y,2018-08-13T12:30:00,NA,NA
259,BTTFLK,BTT47,2018-08-13T12:30:00 ,24.57786596,-81.83026203,3.3528,1,2.3528,VR2W,127795,,NA,NA,NA,NA,y,2019-08-07T18:55:00,NA,NA,y,2019-08-07T18:55:00,NA,NA
260,BTTFLK,BTT47,2019-08-07T18:55:00,24.57786596,-81.83026203,3.3528,1,2.3528,VR2W,127795,,NA,NA,NA,NA,n,,NA,NA,n,,NA,NA
261,BTTFLK,BTT48,2015-09-11T10:20:00,24.54895426,-81.85048573,3.048,1,2.048,VR2W,127794,,NA,NA,NA,NA,y,2016-09-07T12:15:00,NA,NA,y,2016-09-07T12:15:00,NA,NA
262,BTTFLK,BTT48,2016-09-07T12:15:00,24.54895426,-81.85048573,3.048,1,2.048,VR2W,106347,,NA,NA,NA,NA,y,2016-09-28T10:17:00,NA,NA,y,2016-09-28T10:17:00,NA,NA
263,BTTFLK,BTT48,2016-09-28T10:17:00,24.54895426,-81.85048573,3.048,1,2.048,VR2W,120221,,NA,NA,NA,NA,y,2017-05-04T10:56:00,NA,NA,y,2017-05-04T10:56:00,NA,NA
264,BTTFLK,BTT48,2017-05-04T10:56:00,24.54895426,-81.85048573,3.048,1,2.048,VR2W,110231,,NA,NA,NA,NA,y,2017-07-20T10:38:00,NA,NA,y,2017-07-20T10:38:00,NA,NA
265,BTTFLK,BTT48,2017-07-20T10:38:00,24.54895426,-81.85048573,3.048,1,2.048,VR2W,127791,,NA,NA,NA,NA,y,2018-08-08T17:30:00,NA,NA,y,2018-08-08T17:30:00,NA,NA
266,BTTFLK,BTT48,2018-08-08T17:30:00,24.54895426,-81.85048573,3.048,1,2.048,VR2W,127791,,NA,NA,NA,NA,y,2019-08-12T8:55:00,NA,NA,y,2019-08-12T8:55:00,NA,NA
267,BTTFLK,BTT48,2019-08-12T08:55:00,24.54895426,-81.85048573,3.048,1,2.048,VR2W,127791,,NA,NA,NA,NA,n,,NA,NA,n,,NA,NA
268,BTTFLK,BTT49,2015-09-10T10:00:00,24.52990757,-81.90234237,3.048,1,2.048,VR2W,110044,,NA,NA,NA,NA,y,2016-08-03T17:30:00,NA,NA,y,2016-08-03T17:30:00,NA,NA
269,BTTFLK,BTT49,2016-08-03T17:30:00,24.52990757,-81.90234237,3.048,1,2.048,VR2W,110044,,NA,NA,NA,NA,y,2017-07-17T14:14:00,NA,NA,y,2017-07-17T14:14:00,NA,NA
270,BTTFLK,BTT49,2017-07-17T14:14:00,24.52990757,-81.90234237,3.048,1,2.048,VR2W,127785,,NA,NA,NA,NA,y,2018-08-10T18:11:00,NA,NA,y,2018-08-10T18:11:00,NA,NA
271,BTTFLK,BTT49,2018-08-10T18:11:00,24.52990757,-81.90234237,3.048,1,2.048,VR2W,127785,,NA,NA,NA,NA,y,2019-08-11T16:50:00,NA,NA,y,2019-08-11T16:50:00,NA,NA
272,BTTFLK,BTT49,2019-08-11T16:50:00,24.52990757,-81.90234237,3.048,1,2.048,VR2W,127785,,NA,NA,NA,NA,n,,NA,NA,n,,NA,NA
273,BTTFLK,BTT5,2015-09-09T11:00:00,24.75910719,-81.57054482,3.6576,1,2.6576,VR2W,108782,,NA,NA,NA,NA,y,2016-08-01T15:00:00,NA,NA,y,2016-08-01T15:00:00,NA,NA
274,BTTFLK,BTT5,2016-08-01T15:00:00,24.75910719,-81.57054482,3.6576,1,2.6576,VR2W,108782,,NA,NA,NA,NA,y,2016-08-05T10:20:00,NA,NA,y,2016-08-05T10:20:00,NA,NA
275,BTTFLK,BTT5,2016-08-05T10:20:00,24.75910719,-81.57054482,3.6576,1,2.6576,VR2W,108782,,NA,NA,NA,NA,y,2017-06-15T11:35:00,NA,NA,y,2017-06-15T11:35:00,NA,NA
276,BTTFLK,BTT5,2017-06-15T11:35:00,24.75910719,-81.57054482,3.6576,1,2.6576,VR2W,127798,,NA,NA,NA,NA,y,2018-08-07T12:44:00,NA,NA,y,2018-08-07T12:44:00,NA,NA
277,BTTFLK,BTT5,2018-08-14T12:00:00,24.75910719,-81.57054482,3.6576,1,2.6576,VR2W,120228,,NA,NA,NA,NA,y,2019-08-09T9:30:00,NA,NA,y,2019-08-09T9:30:00,NA,NA
278,BTTFLK,BTT5,2019-08-09T09:30:00,24.75910719,-81.57054482,3.6576,1,2.6576,VR2W,120228,,NA,NA,NA,NA,n,,NA,NA,n,,NA,NA
279,BTTFLK,BTT50,2015-09-12T14:00:00,24.82390686,-81.42814314,6.096,1,5.096,VR2W,120227,,NA,NA,NA,NA,y,2016-09-22T9:30:00,NA,NA,y,2016-09-22T9:30:00,NA,NA
280,BTTFLK,BTT50,2016-09-22T9:30:00,24.82390686,-81.42814314,6.096,1,5.096,VR2W,110042,,NA,NA,NA,NA,y,2017-06-15T9:50:00,NA,NA,y,2017-06-15T9:50:00,NA,NA
281,BTTFLK,BTT50,2017-06-15T09:50:00,24.82390686,-81.42814314,6.096,1,5.096,VR2W,120215,,NA,NA,NA,NA,y,2018-08-07T15:06:00,NA,NA,y,2018-08-07T15:06:00,NA,NA
282,BTTFLK,BTT50,2018-08-07T15:06:00,24.82390686,-81.42814314,6.096,1,5.096,VR2W,120215,,NA,NA,NA,NA,y,2019-08-09T11:29:00,NA,NA,y,2019-08-09T11:29:00,NA,NA
283,BTTFLK,BTT51,2018-01-25T15:20:00,24.55791315,-81.89006685,2.7432,1,1.7432,VR2W,120220,,NA,NA,NA,NA,y,2018-08-08T16:20:00,NA,NA,y,2018-08-08T16:20:00,NA,NA
284,BTTFLK,BTT51,2018-08-08T16:20:00,24.55791315,-81.89006685,2.7432,1,1.7432,VR2W,120220,,NA,NA,NA,NA,y,2019-08-11T17:20:00,NA,NA,y,2019-08-11T17:20:00,NA,NA
285,BTTFLK,BTT51,2019-08-11T17:20:00,24.55791315,-81.89006685,2.7432,1,1.7432,VR2W,120220,,NA,NA,NA,NA,n,,NA,NA,n,,NA,NA
286,BTTFLK,BTT51A,2015-09-10T11:00:00,24.5505708,-81.8975292,2.5,1,1.5,VR2W,120223,,NA,NA,NA,NA,y,2016-09-16T12:22:00,NA,NA,y,2016-09-16T12:22:00,NA,NA
287,BTTFLK,BTT51A,2016-09-16T12:22:00,24.5505708,-81.8975292,2.5,1,1.5,VR2W,127794,,NA,NA,NA,NA,y,2017-06-29T14:30:00,NA,NA,y,2017-06-29T14:30:00,NA,NA
288,BTTFLK,BTT51A,2017-06-29T14:30:00,24.5505708,-81.8975292,2.5,1,1.5,VR2W,120220,,NA,NA,NA,NA,y,2018-01-25T15:20:00,NA,NA,n,2018-01-25T15:20:00,NA,NA
289,BTTFLK,BTT52,2017-11-07T12:00:00,24.52718055,-81.98894945,2.2,1,1.2,VR2W,127780,,NA,NA,NA,NA,y,2018-08-10T16:31:00,NA,NA,y,2018-08-10T16:31:00,NA,NA
290,BTTFLK,BTT52,2018-08-10T16:31:00,24.52718055,-81.98894945,2.2,1,1.2,VR2W,127780,,NA,NA,NA,NA,y,2019-08-11T15:50:00,NA,NA,y,2019-08-11T15:50:00,NA,NA
291,BTTFLK,BTT52,2019-08-11T15:50:00,24.52718055,-81.98894945,2.2,1,1.2,VR2W,127780,,NA,NA,NA,NA,n,,NA,NA,n,,NA,NA
292,BTTFLK,BTT52A,2015-09-01T13:56:00,24.54235365,-81.91192635,2,1,1,VR2W,120316,,NA,NA,NA,NA,y,2016-09-16T12:08:00,NA,NA,y,2016-09-16T12:08:00,NA,NA
293,BTTFLK,BTT52A,2016-09-16T12:08:00,24.54235365,-81.91192635,2,1,1,VR2W,127799,,NA,NA,NA,NA,y,2017-06-29T14:00:00,NA,NA,y,2017-06-29T14:00:00,NA,NA
294,BTTFLK,BTT52A,2017-06-29T14:00:00,24.54235365,-81.91192635,2,1,1,VR2W,127780,,NA,NA,NA,NA,y,2017-11-07T12:00:00,NA,NA,n,2017-11-07T12:00:00,NA,NA
295,BTTFLK,BTT53,2015-09-11T11:30:00,24.64357372,-81.78809728,3.048,1,2.048,VR2W,120221,,NA,NA,NA,NA,y,2016-09-26T11:00:00,NA,NA,y,2016-09-26T11:00:00,NA,NA
296,BTTFLK,BTT53,2016-09-26T11:00:00,24.64357372,-81.78809728,3.048,1,2.048,VR2W,127775,,NA,NA,NA,NA,y,2017-06-27T12:00:00,NA,NA,y,2017-06-27T12:00:00,NA,NA
297,BTTFLK,BTT53,2017-06-27T12:00:00,24.64357372,-81.78809728,3.048,1,2.048,VR2W,108782,,NA,NA,NA,NA,y,2018-08-08T12:49:00,NA,NA,y,2018-08-08T12:49:00,NA,NA
298,BTTFLK,BTT53,2018-08-08T12:49:00,24.64357372,-81.78809728,3.048,1,2.048,VR2W,108782,,NA,NA,NA,NA,y,2019-08-08T18:10:00,NA,NA,y,2019-08-08T18:10:00,NA,NA
299,BTTFLK,BTT53,2019-08-08T18:10:00,24.64357372,-81.78809728,3.048,1,2.048,VR2W,108782,,NA,NA,NA,NA,n,,NA,NA,n,,NA,NA
300,BTTFLK,BTT54,2015-09-11T11:00:00,24.64345387,-81.80357814,4.572,1,3.572,VR2W,120317,,NA,NA,NA,NA,y,2016-08-03T12:25:00,NA,NA,y,2016-08-03T12:25:00,NA,NA
301,BTTFLK,BTT54,2016-08-03T12:25:00,24.64345387,-81.80357814,4.572,1,3.572,VR2W,120317,,NA,NA,NA,NA,y,2017-07-17T10:35:00,NA,NA,y,2017-07-17T10:35:00,NA,NA
302,BTTFLK,BTT54,2017-07-17T10:35:00,24.64345387,-81.80357814,4.572,1,3.572,VR2W,106250,,NA,NA,NA,NA,y,2018-08-08T12:23:00,NA,NA,y,2018-08-08T12:23:00,NA,NA
303,BTTFLK,BTT54,2018-08-08T12:23:00,24.64345387,-81.80357814,4.572,1,3.572,VR2W,106250,,NA,NA,NA,NA,y,2019-08-08T17:50:00,NA,NA,y,2019-08-08T17:50:00,NA,NA
304,BTTFLK,BTT54,2019-08-08T17:50:00,24.64345387,-81.80357814,4.572,1,3.572,VR2W,106250,,NA,NA,NA,NA,n,,NA,NA,n,,NA,NA
305,BTTFLK,BTT55,2016-05-24T12:25:00,24.60698489,-81.92919911,3.048,1,2.048,VR2W,120220,,NA,NA,NA,NA,y,2016-06-27T17:00:00,NA,NA,y,2016-06-27T17:00:00,NA,NA
306,BTTFLK,BTT55,2016-06-27T17:00:00,24.60698489,-81.92919911,3.048,1,2.048,VR2W,120220,,NA,NA,NA,NA,y,2016-09-19T14:00:00,NA,NA,y,2016-09-19T14:00:00,NA,NA
307,BTTFLK,BTT55,2016-09-19T14:00:00,24.60698489,-81.92919911,3.048,1,2.048,VR2W,127786,,NA,NA,NA,NA,y,2018-08-13T15:00:00,NA,NA,y,2018-08-13T15:00:00,NA,NA
308,BTTFLK,BTT55,2018-08-13T15:00:00 ,24.60698489,-81.92919911,3.048,1,2.048,VR2W,127786,,NA,NA,NA,NA,y,2019-08-08T17:00:00,NA,NA,y,2019-08-08T17:00:00,NA,NA
309,BTTFLK,BTT55,2019-08-08T17:00:00,24.60698489,-81.92919911,3.048,1,2.048,VR2W,127786,,NA,NA,NA,NA,n,,NA,NA,n,,NA,NA
310,BTTFLK,BTT55A,2015-09-11T11:00:00,24.67221342,-81.70697658,3,1,2,VR2W,120220,,NA,NA,NA,NA,y,2016-05-24T12:25:00,NA,NA,n,,NA,NA
311,BTTFLK,BTT56,2015-09-02T11:47:00,24.59763775,-81.95388323,2.37744,1,1.37744,VR2W,120218,,NA,NA,NA,NA,y,2016-08-03T15:30:00,NA,NA,y,2016-08-03T15:30:00,NA,NA
312,BTTFLK,BTT56,2016-08-03T15:30:00,24.59763775,-81.95388323,2.37744,1,1.37744,VR2W,120218,,NA,NA,NA,NA,y,2017-07-17T11:50:00,NA,NA,y,2017-07-17T11:50:00,NA,NA
313,BTTFLK,BTT56,2017-07-17T11:50:00,24.59763775,-81.95388323,2.37744,1,1.37744,VR2W,103539,,NA,NA,NA,NA,y,2018-08-13T15:22:00,NA,NA,y,2018-08-13T15:22:00,NA,NA
314,BTTFLK,BTT56,2018-08-13T15:22:00,24.59763775,-81.95388323,2.37744,1,1.37744,VR2W,103539,,NA,NA,NA,NA,y,2019-08-08T16:43:00,NA,NA,y,2019-08-08T16:43:00,NA,NA
315,BTTFLK,BTT56,2019-08-08T16:43:00,24.59763775,-81.95388323,2.37744,1,1.37744,VR2W,103539,,NA,NA,NA,NA,n,,NA,NA,n,,NA,NA
316,BTTFLK,BTT57,2015-09-10T13:00:00,24.51180857,-81.97189142,2.4384,1,1.4384,VR2W,103538,,NA,NA,NA,NA,y,2016-09-19T11:50:00,NA,NA,y,2016-09-09T11:50:00,NA,NA
317,BTTFLK,BTT57,2016-09-19T11:50:00,24.51180857,-81.97189142,2.4384,1,1.4384,VR2W,120229,,NA,NA,NA,NA,y,2017-06-29T10:45:00,NA,NA,y,2017-06-29T10:45:00,NA,NA
318,BTTFLK,BTT57,2017-06-29T10:45:00,24.51180857,-81.97189142,2.4384,1,1.4384,VR2W,127784,,NA,NA,NA,NA,y,2018-01-25T13:00:00,NA,NA,y,2018-01-25T13:00:00,NA,NA
319,BTTFLK,BTT57,2018-01-25T13:00:00,24.51180857,-81.97189142,2.4384,1,1.4384,VR2W,127784,,NA,NA,NA,NA,n,2018-08-10T17:00:00,NA,NA,n,,NA,NA
320,BTTFLK,BTT58,2015-09-02T12:54:00,24.54455097,-81.99718204,1.88976,1,0.88976,VR2W,100100,,NA,NA,NA,NA,y,2016-09-19T12:30:00,NA,NA,y,2016-09-19T12:30:00,NA,NA
321,BTTFLK,BTT58,2016-09-19T12:30:00,24.54455097,-81.99718204,1.88976,1,0.88976,VR2W,127788,,NA,NA,NA,NA,y,2017-06-29T13:18:00,NA,NA,y,2017-06-29T13:18:00,NA,NA
322,BTTFLK,BTT58,2017-06-29T13:18:00,24.54455097,-81.99718204,1.88976,1,0.88976,VR2W,120324,,NA,NA,NA,NA,y,2018-08-13T16:30:00,NA,NA,y,2018-08-13T16:30:00,NA,NA
323,BTTFLK,BTT58,2018-08-13T16:30:00 ,24.54455097,-81.99718204,1.88976,1,0.88976,VR2W,120324,,NA,NA,NA,NA,y,2019-08-11T15:15:00,NA,NA,y,2019-08-11T15:15:00,NA,NA
324,BTTFLK,BTT58,2019-08-11T15:15:00,24.54455097,-81.99718204,1.88976,1,0.88976,VR2W,120324,,NA,NA,NA,NA,n,,NA,NA,n,,NA,NA
325,BTTFLK,BTT59,2015-09-02T12:37:00,24.57313183,-82.00630148,3.2,1,2.2,VR2W,100094,,NA,NA,NA,NA,y,2016-09-19T12:54:00,NA,NA,y,2016-09-19T12:54:00,NA,NA
326,BTTFLK,BTT59,2016-09-19T12:54:00,24.57313183,-82.00630148,3.2,1,2.2,VR2W,120320,,NA,NA,NA,NA,y,2017-06-29T12:30:00,NA,NA,y,2017-06-29T12:30:00,NA,NA
327,BTTFLK,BTT59,2017-06-29T12:30:00,24.57313183,-82.00630148,3.2,1,2.2,VR2W,120316,,NA,NA,NA,NA,y,2018-08-13T15:56:00,NA,NA,y,2018-08-13T15:56:00,NA,NA
328,BTTFLK,BTT59,2018-08-13T15:56:00,24.57313183,-82.00630148,3.2,1,2.2,VR2W,120316,,NA,NA,NA,NA,y,2019-08-11T15:00:00,NA,NA,y,2019-08-11T15:00:00,NA,NA
329,BTTFLK,BTT59,2019-08-11T15:00:00,24.57313183,-82.00630148,3.2,1,2.2,VR2W,120316,,NA,NA,NA,NA,n,,NA,NA,n,,NA,NA
330,BTTFLK,BTT6,2015-09-02T15:03:00,24.72712657,-81.61947742,3.048,1,2.048,VR2W,127781,,NA,NA,NA,NA,y,2016-08-02T9:50:00,NA,NA,y,2016-08-02T9:50:00,NA,NA
331,BTTFLK,BTT6,2016-08-02T09:50:00,24.72712657,-81.61947742,3.048,1,2.048,VR2W,127781,,NA,NA,NA,NA,y,2017-07-13T11:25:00,NA,NA,y,2017-07-13T11:25:00,NA,NA
332,BTTFLK,BTT6,2017-07-13T11:25:00,24.72712657,-81.61947742,3.048,1,2.048,VR2W,100097,,NA,NA,NA,NA,y,2018-08-07T10:40:00,NA,NA,y,2018-08-07T10:40:00,NA,NA
333,BTTFLK,BTT6,2018-08-07T10:40:00,24.72712657,-81.61947742,3.048,1,2.048,VR2W,100097,,NA,NA,NA,NA,y,2019-08-09T13:06:00,NA,NA,y,2019-08-09T13:06:00,NA,NA
334,BTTFLK,BTT6,2019-08-09T13:06:00,24.72712657,-81.61947742,3.048,1,2.048,VR2W,100097,,NA,NA,NA,NA,n,,NA,NA,n,,NA,NA
335,BTTFLK,BTT61,2018-01-10T16:00:00,24.65189612,-81.36418388,1.8288,1,0.8288,VR2W,132834,,NA,NA,NA,NA,y,2018-08-09T17:00:00,NA,NA,y,2018-08-09T17:00:00,NA,NA
336,BTTFLK,BTT61,2018-08-09T17:00:00,24.65189612,-81.36418388,1.8288,1,0.8288,VR2W,132834,,NA,NA,NA,NA,y,2019-08-07T9:00:00,NA,NA,y,2019-08-07T9:00:00,NA,NA
337,BTTFLK,BTT61,2019-08-07T09:00:00,24.65189612,-81.36418388,1.8288,1,0.8288,VR2W,132834,,NA,NA,NA,NA,n,,NA,NA,n,,NA,NA
338,BTTFLK,BTT61A,2016-06-03T13:00:00,24.60314998,-81.76784002,3,1,2,VR2W,129235,,NA,NA,NA,NA,y,2017-05-24T12:25:00,NA,NA,y,2017-05-24T12:25:00,NA,NA
339,BTTFLK,BTT62,2016-06-03T14:00:00,24.53988558,-81.78015162,4,1,3,VR2W,129239,,NA,NA,NA,NA,y,2017-05-26T12:00:00,NA,NA,y,2017-05-26T12:00:00,NA,NA
340,BTTFLK,BTT62,2017-05-26T12:00:00,24.53988558,-81.78015162,4,1,3,VR2W,129239,,NA,NA,NA,NA,n,2018-01-20T13:15:00,NA,NA,n,,NA,NA
341,BTTFLK,BTT62,2018-01-20T13:15:00,24.53988558,-81.78015162,4,1,3,VR2W,132829,,NA,NA,NA,NA,y,2018-08-13T17:15:00,NA,NA,y,2018-08-13T17:15:00,NA,NA
342,BTTFLK,BTT62,2018-08-13T17:15:00,24.53988558,-81.78015162,4,1,3,VR2W,132829,,NA,NA,NA,NA,y,2019-08-07T18:33:00,NA,NA,y,2019-08-07T18:33:00,NA,NA
343,BTTFLK,BTT62,2019-08-07T18:33:00,24.53988558,-81.78015162,4,1,3,VR2W,132829,,NA,NA,NA,NA,n,,NA,NA,n,,NA,NA
344,BTTFLK,BTT63,2016-06-03T10:30:00,24.57001998,-81.63004002,3,1,2,VR2W,129244,,NA,NA,NA,NA,y,2017-05-26T12:00:00,NA,NA,y,2017-05-26T12:00:00,NA,NA
345,BTTFLK,BTT63,2017-05-26T12:00:00,24.57001998,-81.63004002,3,1,2,VR2W,129244,,NA,NA,NA,NA,n,2018-01-20T11:40:00,NA,NA,n,2018-01-20T11:40:00,NA,NA
346,BTTFLK,BTT63,2018-01-20T11:40:00,24.57001998,-81.63004002,3,1,2,VR2W,132830,,NA,NA,NA,NA,y,2018-08-14T9:20:00,NA,NA,y,2018-08-14T9:20:00,NA,NA
347,BTTFLK,BTT63,2018-08-14T09:20:00,24.57001998,-81.63004002,3,1,2,VR2W,132830,,NA,NA,NA,NA,y,2019-08-07T16:10:00,NA,NA,y,2019-08-07T16:10:00,NA,NA
348,BTTFLK,BTT63,2019-08-07T16:10:00,24.57001998,-81.63004002,3,1,2,VR2W,132830,,NA,NA,NA,NA,n,,NA,NA,n,,NA,NA
349,BTTFLK,BTT64,2018-01-20T10:00:00,24.61385692,-81.53182308,3,1,2,VR2W,132825,,NA,NA,NA,NA,y,2018-08-14T10:04:00,NA,NA,y,2018-08-14T10:04:00,NA,NA
350,BTTFLK,BTT64,2018-08-14T10:04:00,24.61385692,-81.53182308,3,1,2,VR2W,132825,,NA,NA,NA,NA,y,2019-08-07T16:57:00,NA,NA,y,2019-08-07T16:57:00,NA,NA
351,BTTFLK,BTT64,2019-08-07T16:57:00,24.61385692,-81.53182308,3,1,2,VR2W,132825,,NA,NA,NA,NA,n,,NA,NA,n,,NA,NA
352,BTTFLK,BTT64A,2016-06-03T11:30:00,24.60419398,-81.53766702,3.5,1,2.5,VR2W,129252,,NA,NA,NA,NA,y,2017-05-26T12:00:00,NA,NA,y,2017-05-26T12:00:00,NA,NA
353,BTTFLK,BTT64A,2017-05-26T12:00:00,24.60419398,-81.53766702,3.5,1,2.5,VR2W,129252,,NA,NA,NA,NA,n,2018-01-20T10:00:00,NA,NA,n,2018-01-20T10:00:00,NA,NA
354,BTTFLK,BTT65,2016-06-04T13:30:00,24.77244812,-81.41431188,2.8,1,1.8,VR2W,129246,,NA,NA,NA,NA,y,2017-03-08T12:00:00,NA,NA,y,2017-03-08T12:00:00,NA,NA
355,BTTFLK,BTT65,2017-03-08T12:00:00,24.77244812,-81.41431188,2.8,1,1.8,VR2W,129246,,NA,NA,NA,NA,n,2018-01-23T10:00:00,NA,NA,n,2018-01-23T10:00:00,NA,NA
356,BTTFLK,BTT66,2016-06-02T09:30:00,24.64622505,-81.32847495,4,1,3,VR2W,129238,,NA,NA,NA,NA,y,2017-03-08T12:00:00,NA,NA,y,2017-03-08T12:00:00,NA,NA
357,BTTFLK,BTT66,2017-03-08T12:00:00,24.64622505,-81.32847495,4,1,3,VR2W,129238,,NA,NA,NA,NA,n,2018-01-21T15:00:00,NA,NA,n,2018-01-21T15:00:00,NA,NA
358,BTTFLK,BTT66,2018-01-21T15:00:00,24.64622505,-81.32847495,4,1,3,VR2W,132838,,NA,NA,NA,NA,y,2018-08-09T12:17:00,NA,NA,y,2018-08-09T12:17:00,NA,NA
359,BTTFLK,BTT66,2018-08-09T12:17:00 ,24.64622505,-81.32847495,4,1,3,VR2W,132838,,NA,NA,NA,NA,y,2019-08-07T9:30:00,NA,NA,y,2019-08-07T9:30:00,NA,NA
360,BTTFLK,BTT66,2019-08-07T09:30:00,24.64622505,-81.32847495,4,1,3,VR2W,132838,,NA,NA,NA,NA,n,,NA,NA,n,,NA,NA
361,BTTFLK,BTT67,2016-06-02T10:00:00,24.65572874,-81.28885466,6.7,1,5.7,VR2W,129248,,NA,NA,NA,NA,y,2017-06-01T22:55:00,NA,NA,y,2017-06-01T22:55:00,NA,NA
362,BTTFLK,BTT67,2017-06-01T10:55:00,24.65572874,-81.28885466,6.7,1,5.7,VR2W,120227,,NA,NA,NA,NA,y,2018-01-21T10:30:00,NA,NA,n,,NA,NA
363,BTTFLK,BTT67,2018-01-21T10:30:00,24.65572874,-81.28885466,6.7,1,5.7,VR2W,120227,,NA,NA,NA,NA,y,2018-08-09T10:30:00,NA,NA,y,2018-08-09T10:30:00,NA,NA
364,BTTFLK,BTT67,2018-08-09T10:30:00,24.65572874,-81.28885466,6.7,1,5.7,VR2W,120227,,NA,NA,NA,NA,y,2019-08-06T17:00:00,NA,NA,y,2019-08-06T17:00:00,NA,NA
365,BTTFLK,BTT67,2019-08-06T17:00:00,24.65572874,-81.28885466,6.7,1,5.7,VR2W,120227,,NA,NA,NA,NA,n,,NA,NA,n,,NA,NA
366,BTTFLK,BTT68,2016-06-02T10:35:00,24.65143054,-81.28855186,7,1,6,VR2W,129234,,NA,NA,NA,NA,y,2017-06-01T23:20:00,NA,NA,y,2017-06-01T23:20:00,NA,NA
367,BTTFLK,BTT68,2017-06-01T11:20:00,24.65143054,-81.28855186,7,1,6,VR2W,127783,,NA,NA,NA,NA,n,2018-01-21T13:15:00,NA,NA,n,,NA,NA
368,BTTFLK,BTT68,2018-01-21T13:15:00,24.65143054,-81.28855186,7,1,6,VR2W,132836,,NA,NA,NA,NA,y,2018-08-09T10:06:00,NA,NA,y,2018-08-09T10:06:00,NA,NA
369,BTTFLK,BTT68,2018-08-09T10:06:00,24.65143054,-81.28855186,7,1,6,VR2W,132836,,NA,NA,NA,NA,y,2019-08-06T17:30:00,NA,NA,y,2019-08-06T17:30:00,NA,NA
370,BTTFLK,BTT68,2019-08-06T17:30:00,24.65143054,-81.28855186,7,1,6,VR2W,132836,,NA,NA,NA,NA,n,,NA,NA,n,,NA,NA
371,BTTFLK,BTT69,2016-06-02T13:30:00,24.67367823,-81.22999177,4,1,3,VR2W,129253,,NA,NA,NA,NA,y,2017-05-28T15:20:00,NA,NA,y,2017-05-28T15:20:00,NA,NA
372,BTTFLK,BTT69,2017-05-28T15:20:00,24.67367823,-81.22999177,4,1,3,VR2W,129253,,NA,NA,NA,NA,n,2018-01-23T11:30:00,NA,NA,n,,NA,NA
373,BTTFLK,BTT7,2015-09-02T13:26:00,24.70983686,-81.62092718,2.4384,1,1.4384,VR2W,108784,,NA,NA,NA,NA,y,2016-08-02T11:00:00,NA,NA,y,2016-08-02T11:00:00,NA,NA
374,BTTFLK,BTT7,2016-08-02T11:00:00,24.70983686,-81.62092718,2.4384,1,1.4384,VR2W,108784,,NA,NA,NA,NA,y,2017-07-13T12:42:00,NA,NA,y,2017-07-13T12:42:00,NA,NA
375,BTTFLK,BTT7,2017-07-13T12:42:00,24.70983686,-81.62092718,2.4384,1,1.4384,VR2W,127793,,NA,NA,NA,NA,y,2018-08-07T11:30:00,NA,NA,y,2018-08-07T11:30:00,NA,NA
376,BTTFLK,BTT7,2018-08-07T11:30:00,24.70983686,-81.62092718,2.4384,1,1.4384,VR2W,127793,,NA,NA,NA,NA,y,2019-08-09T19:25:00,NA,NA,y,2019-08-09T19:25:00,NA,NA
377,BTTFLK,BTT7,2019-08-09T19:25:00,24.70983686,-81.62092718,2.4384,1,1.4384,VR2W,127793,,NA,NA,NA,NA,n,,NA,NA,n,,NA,NA
378,BTTFLK,BTT70,2016-06-02T14:00:00,24.68171453,-81.19461947,7,1,6,VR2W,129250,,NA,NA,NA,NA,y,2017-05-28T14:20:00,NA,NA,y,2017-05-28T14:20:00,NA,NA
379,BTTFLK,BTT70,2017-05-28T14:20:00,24.68171453,-81.19461947,7,1,6,VR2W,129250,,NA,NA,NA,NA,n,2018-01-23T11:30:00,NA,NA,n,,NA,NA
380,BTTFLK,BTT72,2016-06-25T13:25:00,24.94378759,-80.58309941,2,1,1,VR2W,129251,,NA,NA,NA,NA,y,2017-03-09T14:20:00,NA,NA,y,2017-03-09T14:20:00,NA,NA
381,BTTFLK,BTT72,2017-03-09T14:20:00,24.94378759,-80.58309941,2,1,1,VR2W,129251,,NA,NA,NA,NA,n,2018-01-24T11:30:00,NA,NA,n,,NA,NA
382,BTTFLK,BTT72,2018-01-24T11:30:00,24.94378759,-80.58309941,2,1,1,VR2W,132826,,NA,NA,NA,NA,y,2019-08-10T14:00:00,NA,NA,n,2019-08-10T14:00:00,NA,NA
383,BTTFLK,BTT72,2019-08-10T14:00:00,24.94378759,-80.58309941,2,1,1,VR2W,132826,,NA,NA,NA,NA,n,,NA,NA,n,,NA,NA
384,BTTFLK,BTT74,2016-06-25T11:00:00,25.05780503,-80.43257897,3.2,1,2.2,VR2W,129247,,NA,NA,NA,NA,y,2017-03-09T12:00:00,NA,NA,y,2017-03-09T12:00:00,NA,NA
385,BTTFLK,BTT74,2017-03-09T12:00:00,25.05780503,-80.43257897,3.2,1,2.2,VR2W,129247,,NA,NA,NA,NA,y,2018-08-12T11:28:00,NA,NA,y,2018-08-12T11:28:00,NA,NA
386,BTTFLK,BTT74,2018-08-12T11:28:00 ,25.05780503,-80.43257897,3.2,1,2.2,VR2W,129247,,NA,NA,NA,NA,y,2019-08-10T12:20:00,NA,NA,y,2019-08-10T12:20:00,NA,NA
387,BTTFLK,BTT74,2019-08-10T12:20:00,25.05780503,-80.43257897,3.2,1,2.2,VR2W,129247,,NA,NA,NA,NA,n,,NA,NA,n,,NA,NA
388,BTTFLK,BTT75,2016-06-25T10:30:00,24.99033364,-80.49843236,3.5,1,2.5,VR2W,129240,,NA,NA,NA,NA,y,2017-03-09T12:00:00,NA,NA,y,2017-03-09T12:00:00,NA,NA
389,BTTFLK,BTT75,2017-03-09T12:00:00,24.99033364,-80.49843236,3.5,1,2.5,VR2W,129240,,NA,NA,NA,NA,y,2018-08-12T12:00:00,NA,NA,y,2018-08-12T12:00:00,NA,NA
390,BTTFLK,BTT75,2018-08-12T12:00:00,24.99033364,-80.49843236,3.5,1,2.5,VR2W,129240,,NA,NA,NA,NA,y,2019-08-10T12:00:00,NA,NA,y,2019-08-10T12:00:00,NA,NA
391,BTTFLK,BTT75,2019-08-10T12:00:00,24.99033364,-80.49843236,3.5,1,2.5,VR2W,129240,,NA,NA,NA,NA,n,,NA,NA,n,,NA,NA
392,BTTFLK,BTT76,2016-06-26T10:30:00,24.82383593,-80.77388407,2.5,1,1.5,VR2W,129242,,NA,NA,NA,NA,y,2017-03-10T12:00:00,NA,NA,y,2017-03-10T12:00:00,NA,NA
393,BTTFLK,BTT76,2017-03-10T12:00:00,24.82383593,-80.77388407,2.5,1,1.5,VR2W,129242,,NA,NA,NA,NA,n,2018-01-24T14:15:00,NA,NA,n,2018-01-24T14:15:00,NA,NA
394,BTTFLK,BTT76,2018-01-24T14:15:00,24.82383593,-80.77388407,2.5,1,1.5,VR2W,132828,,NA,NA,NA,NA,y,2018-08-12T15:40:00,NA,NA,y,2018-08-12T15:40:00,NA,NA
395,BTTFLK,BTT76,2018-08-12T15:40:00 ,24.82383593,-80.77388407,2.5,1,1.5,VR2W,132828,,NA,NA,NA,NA,n,2019-08-10T16:30:00,NA,NA,n,,NA,NA
396,BTTFLK,BTT77,2016-06-26T11:10:00,24.83704437,-80.75153563,5,1,4,VR2W,129237,,NA,NA,NA,NA,y,2017-07-13T10:50:00,NA,NA,y,2017-07-13T10:50:00,NA,NA
397,BTTFLK,BTT77,2017-07-13T10:50:00,24.83704437,-80.75153563,5,1,4,VR2W,127796,,NA,NA,NA,NA,n,2018-01-24T13:15:00,NA,NA,n,,NA,NA
398,BTTFLK,BTT77,2018-01-24T13:15:00,24.83704437,-80.75153563,5,1,4,VR2W,132837,,NA,NA,NA,NA,y,2018-08-12T15:00:00,NA,NA,y,2018-08-12T15:00:00,NA,NA
399,BTTFLK,BTT77,2018-08-12T15:00:00 ,24.83704437,-80.75153563,5,1,4,VR2W,132837,,NA,NA,NA,NA,y,2019-08-10T16:00:00,NA,NA,y,2019-08-10T16:00:00,NA,NA
400,BTTFLK,BTT77,2019-08-10T16:00:00,24.83704437,-80.75153563,5,1,4,VR2W,132837,,NA,NA,NA,NA,n,,NA,NA,n,,NA,NA
401,BTTFLK,BTT78,2018-01-28T16:00:00,24.60799108,-81.51496892,3.5,1,2.5,VR2W,129241,,NA,NA,NA,NA,y,2018-08-14T10:48:00,NA,NA,y,2018-08-14T10:48:00,NA,NA
402,BTTFLK,BTT78,2018-08-14T10:48:00,24.60799108,-81.51496892,3.5,1,2.5,VR2W,129241,,NA,NA,NA,NA,y,2019-08-07T17:17:00,NA,NA,y,2019-08-07T17:17:00,NA,NA
403,BTTFLK,BTT78,2019-08-07T17:17:00,24.60799108,-81.51496892,3.5,1,2.5,VR2W,129241,,NA,NA,NA,NA,n,,NA,NA,n,,NA,NA
404,BTTFLK,BTT78A,2016-06-26T13:40:00,24.91300286,-80.68949714,3.2,1,2.2,VR2W,129241,,NA,NA,NA,NA,y,2017-03-09T12:00:00,NA,NA,y,2017-03-09T12:00:00,NA,NA
405,BTTFLK,BTT78A,2017-03-09T12:00:00,24.91300286,-80.68949714,3.2,1,2.2,VR2W,129241,,NA,NA,NA,NA,y,2018-01-28T16:00:00,NA,NA,n,,NA,NA
406,BTTFLK,BTT79,2016-06-26T13:20:00,24.86765548,-80.67884452,2.5,1,1.5,VR2W,129236,,NA,NA,NA,NA,y,2017-03-09T12:00:00,NA,NA,y,2017-03-09T12:00:00,NA,NA
407,BTTFLK,BTT79,2017-03-09T12:00:00,24.86765548,-80.67884452,2.5,1,1.5,VR2W,129236,,NA,NA,NA,NA,y,2018-08-12T13:45:00,NA,NA,y,2018-08-12T13:45:00,NA,NA
408,BTTFLK,BTT79,2018-08-12T13:45:00,24.86765548,-80.67884452,2.5,1,1.5,VR2W,129236,,NA,NA,NA,NA,y,2019-08-10T15:23:00,NA,NA,y,2019-08-10T15:23:00,NA,NA
409,BTTFLK,BTT79,2019-08-10T15:23:00,24.86765548,-80.67884452,2.5,1,1.5,VR2W,129236,,NA,NA,NA,NA,n,,NA,NA,n,,NA,NA
410,BTTFLK,BTT8,2015-09-11T14:40:00,24.7921009,-81.50098706,3.1,1,2.1,VR2W,100092,,NA,NA,NA,NA,y,2016-08-05T12:20:00,NA,NA,y,2016-08-05T12:20:00,NA,NA
411,BTTFLK,BTT8,2016-08-05T12:20:00,24.7921009,-81.50098706,3.1,1,2.1,VR2W,100092,,NA,NA,NA,NA,y,2017-06-15T10:40:00,NA,NA,y,2017-06-15T10:40:00,NA,NA
412,BTTFLK,BTT8,2017-06-15T10:40:00,24.7921009,-81.50098706,3.1,1,2.1,VR2W,120217,,NA,NA,NA,NA,y,2018-08-07T13:49:00,NA,NA,y,2018-08-07T13:49:00,NA,NA
413,BTTFLK,BTT8,2018-08-07T13:49:00,24.7921009,-81.50098706,3.1,1,2.1,VR2W,120217,,NA,NA,NA,NA,y,2019-08-09T12:10:00,NA,NA,y,2019-08-09T12:10:00,NA,NA
414,BTTFLK,BTT8,2019-08-09T12:10:00,24.7921009,-81.50098706,3.1,1,2.1,VR2W,120217,,NA,NA,NA,NA,n,,NA,NA,n,,NA,NA
415,BTTFLK,BTT80,2018-01-23T12:00:00,24.69807966,-81.15569034,3,1,2,VR2W,132833,,NA,NA,NA,NA,y,2018-08-09T14:45:00,NA,NA,y,2018-08-09T14:45:00,NA,NA
416,BTTFLK,BTT80,2018-08-09T14:45:00,24.69807966,-81.15569034,3,1,2,VR2W,132833,,NA,NA,NA,NA,y,2019-08-07T13:30:00,NA,NA,y,2019-08-07T13:30:00,NA,NA
417,BTTFLK,BTT80,2019-08-07T13:30:00,24.69807966,-81.15569034,3,1,2,VR2W,132833,,NA,NA,NA,NA,n,,NA,NA,n,,NA,NA
418,BTTFLK,BTT83,2018-01-24T12:00:00,24.68153024,-81.07825976,3.5,1,2.5,VR2W,132824,,NA,NA,NA,NA,y,2018-08-09T15:30:00,NA,NA,y,2018-08-09T15:30:00,NA,NA
419,BTTFLK,BTT83,2018-08-09T15:30:00,24.68153024,-81.07825976,3.5,1,2.5,VR2W,132824,,NA,NA,NA,NA,y,2019-08-07T14:00:00,NA,NA,y,2019-08-07T14:00:00,NA,NA
420,BTTFLK,BTT83,2019-08-07T14:00:00,24.68153024,-81.07825976,3.5,1,2.5,VR2W,132824,,NA,NA,NA,NA,n,,NA,NA,n,,NA,NA
421,BTTFLK,BTT84,2018-01-24T15:00:00,24.70048216,-81.20013784,3.2,1,2.2,VR2W,132831,,NA,NA,NA,NA,y,2018-08-09T14:18:00,NA,NA,y,2018-08-09T14:18:00,NA,NA
422,BTTFLK,BTT84,2018-08-09T14:18:00,24.70048216,-81.20013784,3.2,1,2.2,VR2W,132831,,NA,NA,NA,NA,y,2019-08-07T13:10:00,NA,NA,y,2019-08-07T13:10:00,NA,NA
423,BTTFLK,BTT84,2019-08-07T13:10:00,24.70048216,-81.20013784,3.2,1,2.2,VR2W,132831,,NA,NA,NA,NA,n,,NA,NA,n,,NA,NA
424,BTTFLK,BTT9,2015-09-02T13:17:00,24.69701634,-81.63601366,2,1,1,VR2W,103539,,NA,NA,NA,NA,y,2016-08-08T12:05:00,NA,NA,y,2016-08-08T12:05:00,NA,NA
425,BTTFLK,BTT9,2016-08-08T12:05:00,24.69701634,-81.63601366,2,1,1,VR2W,103539,,NA,NA,NA,NA,y,2017-07-13T12:25:00,NA,NA,y,2017-07-13T12:25:00,NA,NA
426,BTTFLK,BTT9,2017-07-13T12:25:00,24.69701634,-81.63601366,2,1,1,VR2W,120228,,NA,NA,NA,NA,y,2018-08-07T11:05:00,NA,NA,y,2018-08-07T11:05:00,NA,NA
427,BTTFLK,Captiva Pass North,2018-03-13T11:20:00,NA,NA,3,1,2,VR2W,130905,,NA,NA,NA,NA,y,2018-09-01T12:00:00,NA,NA,y,2018-09-01T12:00:00,NA,NA
428,BTTFLK,Captiva Pass North,2019-03-16T00:00:00,NA,NA,1.75,1,1.25,VR2W,130905,,NA,NA,NA,NA,n,,NA,NA,n,,NA,NA
429,BTTFLK,CAYRX,2018-05-31T00:00:00,NA,NA,17,1,16,VR2W,119147,,NA,NA,NA,NA,n,2018-08-11T15:00:00,NA,NA,n,2018-08-11T15:00:00,NA,NA
430,BTTFLK,CH1,2016-06-14T9:30:00,NA,NA,3,1,2,VR2W,120323,,NA,NA,NA,NA,y,2018-07-01T15:20:00,NA,NA,y,2018-07-01T15:20:00,NA,NA
431,BTTFLK,CH2,2016-06-14T9:50:00,NA,NA,3,1,2,VR2W,101630,,NA,NA,NA,NA,y,2018-07-01T16:20:00,NA,NA,y,2018-07-01T16:20:00,NA,NA
432,BTTFLK,CH3,2016-06-14T10:30:00,NA,NA,3,1,2,VR2W,100099,,NA,NA,NA,NA,y,2016-11-18T12:00:00,NA,NA,y,2016-11-18T12:00:00,NA,NA
433,BTTFLK,CS1,2018-06-10T00:00:00,NA,NA,2.3,1,1.5,VR2W,130891,,NA,NA,NA,NA,y,2019-05-21T11:00:00,NA,NA,y,2019-05-23T12:00:00,NA,NA
434,BTTFLK,CS1,2019-08-10T20:00:00,NA,NA,2.1336,1,1.1336,VR2W,114751,,NA,NA,NA,NA,n,,NA,NA,n,,NA,NA
435,BTTFLK,CS2,2018-06-10T00:00:00,NA,NA,3,1,2.5,VR2W,130894,,NA,NA,NA,NA,y,2019-05-21T11:30:00,NA,NA,y,2019-05-28T9:30:00,NA,NA
436,BTTFLK,CS2,2019-08-10T20:07:00,NA,NA,2.31648,1,1.31648,VR2W,130891,,NA,NA,NA,NA,n,,NA,NA,n,,NA,NA
437,BTTFLK,CS3,2018-06-10T00:00:00,NA,NA,3.5,1,3,VR2W,130895,,NA,NA,NA,NA,y,2019-05-21T12:00:00,NA,NA,n,2019-05-28T9:30:00,NA,NA
438,BTTFLK,CS3,2019-08-10T20:25:00,NA,NA,2.5908,1,1.5908,VR2W,130894,,NA,NA,NA,NA,n,,NA,NA,n,,NA,NA
439,BTTFLK,CS4,2018-06-10T12:00:00,NA,NA,4,1,3.5,VR2W,114751,,NA,NA,NA,NA,y,2019-05-21T12:30:00,NA,NA,y,2019-05-28T9:30:00,NA,NA
440,BTTFLK,CS4,2019-08-10T20:22:00 ,NA,NA,2.56032,1,1.56032,VR2W,130895,,NA,NA,NA,NA,n,,NA,NA,n,,NA,NA
441,BTTFLK,CS5,2018-06-10T13:00:00,NA,NA,4.5,1,4,VR2W,112505,,NA,NA,NA,NA,y,2019-05-21T13:00:00,NA,NA,y,2019-05-28T9:30:00,NA,NA
442,BTTFLK,CS5,2019-08-10T20:29:00,NA,NA,2.62128,1,1.62128,VR2W,112505,,NA,NA,NA,NA,n,,NA,NA,n,,NA,NA
443,BTTFLK,EAGRX,2018-04-18T15:00:00,24.6278754,-82.1095406,4.572,1,3.572,VR2Tx,481745,A69-1601-63745,NA,NA,NA,NA,y,2018-08-10T13:30:00,NA,NA,y,2018-08-10T13:30:00,NA,NA
444,BTTFLK,EAGRX,2018-08-10T13:30:00,24.6278754,-82.1095406,4.572,1,3.572,VR2Tx,481745,A69-1601-63745,NA,NA,NA,NA,y,2019-08-11T13:23:00,NA,NA,y,2019-08-11T13:23:00,NA,NA
445,BTTFLK,EAGRX,2019-08-11T13:23:00 ,24.6278754,-82.1095406,4.572,1,3.572,VR2Tx,481745,A69-1601-63745,NA,NA,NA,NA,n,,NA,NA,n,,NA,NA
446,BTTFLK,Gasparilla Pass,2019-04-18T00:00:00,NA,NA,2,1,1,VR2W,134006,,NA,NA,NA,NA,n,,NA,NA,n,,NA,NA
447,BTTFLK,GUNRX,2018-04-24T15:00:00,24.94294036,-81.78460964,15.6972,1,14.6972,VR2Tx,481743,A69-1601-63743,NA,NA,NA,NA,y,2018-08-11T14:35:00,NA,NA,y,2018-08-11T14:35:00,NA,NA
448,BTTFLK,GUNRX,2018-08-11T14:35:00,24.94294036,-81.78460964,15.6972,1,14.6972,VR2Tx,1530319,A69-1601-63743,NA,NA,NA,NA,y,2019-08-08T10:00:00,NA,NA,y,2019-08-08T10:00:00,NA,NA
449,BTTFLK,GUNRX,2019-08-08T10:00:00,24.94294036,-81.78460964,15.6972,1,14.6972,VR2Tx,1530319,A69-1601-63743,NA,NA,NA,NA,n,,NA,NA,n,,NA,NA
450,BTTFLK,LUCRX,2018-04-24T12:00:00,24.94440218,-81.90719782,18.5928,1,17.5928,VR2Tx,481747,A69-1601-63747,NA,NA,NA,NA,y,2018-08-11T11:15:00,NA,NA,y,2018-08-11T11:15:00,NA,NA
451,BTTFLK,LUCRX,2018-08-11T11:15:00,24.94440218,-81.90719782,18.5928,1,17.5928,VR2Tx,481747,A69-1601-63747,NA,NA,NA,NA,n,2019-08-08T11:40:00,NA,NA,n,,NA,NA
452,BTTFLK,M1,2018-04-06T11:00:00,24.55969601,-82.09417399,2.7432,1,1.7432,VR2W,113589,,NA,NA,NA,NA,y,2018-08-10T11:30:00,NA,NA,y,2018-08-10T11:30:00,NA,NA
453,BTTFLK,M1,2018-08-10T11:30:00,24.55969601,-82.09417399,2.7432,1,1.7432,VR2W,113589,,NA,NA,NA,NA,y,2019-08-11T14:40:00,NA,NA,y,2019-08-11T14:40:00,NA,NA
454,BTTFLK,M1,2019-08-11T14:40:00,24.55969601,-82.09417399,2.7432,1,1.7432,VR2W,113589,,NA,NA,NA,NA,n,,NA,NA,n,,NA,NA
455,BTTFLK,M2,2018-04-06T13:00:00,24.55354528,-82.14057472,2.1336,1,1.1336,VR2W,126124,,NA,NA,NA,NA,y,2018-08-10T12:00:00,NA,NA,y,2018-08-10T12:00:00,NA,NA
456,BTTFLK,M2,2018-08-10T12:00:00,24.55354528,-82.14057472,2.1336,1,1.1336,VR2W,126124,,NA,NA,NA,NA,y,2019-08-11T10:00:00,NA,NA,n,,NA,NA
457,BTTFLK,M2,2019-08-11T10:00:00,24.55354528,-82.14057472,2.1336,1,1.1336,VR2W,120215,,NA,NA,NA,NA,n,,NA,NA,n,,NA,NA
458,BTTFLK,M3,2018-04-18T14:00:00,24.58426998,-82.09969702,3.048,1,2.048,VR2W,119145,,NA,NA,NA,NA,y,2018-08-10T13:00:00,NA,NA,y,2018-08-10T13:00:00,NA,NA
459,BTTFLK,M3,2018-08-10T13:00:00,24.58426998,-82.09969702,3.048,1,2.048,VR2W,119145,,NA,NA,NA,NA,y,2019-08-11T13:41:00,NA,NA,y,2019-08-11T13:41:00,NA,NA
460,BTTFLK,M3,2019-08-11T13:41:00,24.58426998,-82.09969702,3.048,1,2.048,VR2W,119145,,NA,NA,NA,NA,n,,NA,NA,n,,NA,NA
461,BTTFLK,M4,2018-05-18T12:00:00,24.58935223,-82.15568777,3.2004,1,2.2004,VR2W,110139,,NA,NA,NA,NA,y,2018-08-10T13:55:00,NA,NA,y,2018-08-10T13:55:00,NA,NA
462,BTTFLK,M4,2018-08-10T13:55:00,24.58935223,-82.15568777,3.2004,1,2.2004,VR2W,110139,,NA,NA,NA,NA,y,2019-08-11T12:38:00,NA,NA,y,2019-08-11T12:38:00,NA,NA
463,BTTFLK,M4,2019-08-11T12:38:00,24.58935223,-82.15568777,3.2004,1,2.2004,VR2W,110139,,NA,NA,NA,NA,n,,NA,NA,n,,NA,NA
464,BTTFLK,NBHVPS1,2019-04-06T00:00:00,24.66729471,-81.27728529,4.6,1,3.6,VR2Tx,482629,A69-1601-62629,NA,NA,NA,NA,y,2019-05-06T12:00:00,NA,NA,y,2019-05-06T12:00:07,NA,NA
465,BTTFLK,NBHVPS10,2019-04-06T00:00:00,24.66491161,-81.28102839,5.2,1,4.2,VR2Tx,481740,A69-1601-63740,NA,NA,NA,NA,y,2019-05-06T12:00:00,NA,NA,y,2019-05-06T12:00:12,NA,NA
466,BTTFLK,NBHVPS11,2019-04-07T00:00:00,24.65455702,-81.29182298,7.7,1,6.7,VR2Tx,482631,A69-1601-62631,NA,NA,NA,NA,y,2019-05-06T12:00:00,NA,NA,y,2019-05-06T12:00:08,NA,NA
467,BTTFLK,NBHVPS12,2019-04-09T00:00:00,24.66202125,-81.28258875,6.9,1,5.9,VR2Tx,482624,A69-1601-62624,NA,NA,NA,NA,y,2019-05-06T12:00:00,NA,NA,y,2019-05-06T12:00:00,NA,NA
468,BTTFLK,NBHVPS13,2019-04-07T00:00:00,24.65849991,-81.28870009,7.1,1,6.1,VR2Tx,481744,A69-1601-63744,NA,NA,NA,NA,y,2019-05-06T12:00:00,NA,NA,y,2019-05-06T12:00:13,NA,NA
469,BTTFLK,NBHVPS14,2019-04-09T00:00:00,24.65224905,-81.29593095,6.4,1,5.4,VR2Tx,482623,A69-1601-62623,NA,NA,NA,NA,y,2019-05-06T12:00:00,NA,NA,y,2019-05-06T12:00:09,NA,NA
470,BTTFLK,NBHVPS2,2019-04-07T00:00:00,24.64890917,-81.29656083,4.1,1,3.1,VR2Tx,482625,A69-1601-62625,NA,NA,NA,NA,y,2019-05-06T12:00:00,NA,NA,y,2019-05-06T12:00:01,NA,NA
471,BTTFLK,NBHVPS3,2019-04-09T00:00:00 ,24.65807431,-81.28539569,4.3,1,3.3,VR2Tx,482630,A69-1601-62630,NA,NA,NA,NA,y,2019-05-06T12:00:00,NA,NA,y,2019-05-06T12:00:02,NA,NA
472,BTTFLK,NBHVPS4,2019-04-09T00:00:00,24.6515611,-81.2929889,6.5,1,5.5,VR2Tx,482628,A69-1601-62628,NA,NA,NA,NA,y,2019-05-06T12:00:00,NA,NA,y,2019-05-06T12:00:05,NA,NA
473,BTTFLK,NBHVPS5,2019-04-08T00:00:00 ,24.64986281,-81.29562719,5.8,1,4.8,VR2Tx,482626,A69-1601-62626,NA,NA,NA,NA,y,2019-05-06T12:00:00,NA,NA,y,2019-05-06T12:00:03,NA,NA
474,BTTFLK,NBHVPS6,2019-04-07T00:00:00 ,24.65070407,-81.29303593,5.4,1,4.4,VR2Tx,482632,A69-1601-62632,NA,NA,NA,NA,y,2019-05-06T12:00:00,NA,NA,y,2019-05-06T12:00:10,NA,NA
475,BTTFLK,NBHVPS6 grid,2019-05-09T14:59:00,24.65519521,-81.28862479,5.4,1,4.4,VR2Tx,481740,A69-1601-63740,NA,NA,NA,NA,y,2019-08-06T17:00:00,NA,NA,y,2019-08-06T17:00:00,NA,NA
476,BTTFLK,NBHVPS6 grid,2019-08-06T17:00:00,24.65519521,-81.28862479,5.4,1,4.4,VR2Tx,481740,A69-1601-63740,NA,NA,NA,NA,n,,NA,NA,n,,NA,NA
477,BTTFLK,NBHVPS7,2019-04-07T00:00:00,24.6688443,-81.2781257,5.8,1,4.8,VR2Tx,482622,A69-1601-62622,NA,NA,NA,NA,y,2019-05-06T12:00:00,NA,NA,y,2019-05-06T12:00:04,NA,NA
478,BTTFLK,NBHVPS8,2019-04-06T00:00:00,24.65918643,-81.28687357,6,1,5,VR2Tx,482621,A69-1601-62621,NA,NA,NA,NA,y,2019-05-06T12:00:00,NA,NA,y,2019-05-06T12:00:06,NA,NA
479,BTTFLK,NBHVPS9,2019-04-09T00:00:00 ,24.66267412,-81.28284588,5.5,1,4.5,VR2Tx,482627,A69-1601-62627,NA,NA,NA,NA,y,2019-05-06T12:00:00,NA,NA,y,2019-05-06T12:00:11,NA,NA
480,BTTFLK,P61,2018-04-18T10:00:00,24.52272551,-81.95534149,2.4384,1,1.4384,VR2W,120189,,NA,NA,NA,NA,y,2018-08-10T17:30:00,NA,NA,y,2018-08-10T17:30:00,NA,NA
481,BTTFLK,P61,2018-08-10T17:30:00,24.52272551,-81.95534149,2.4384,1,1.4384,VR2W,120189,,NA,NA,NA,NA,y,2019-08-11T16:15:00,NA,NA,y,2019-08-11T16:15:00,NA,NA
482,BTTFLK,P61,2019-08-11T16:15:00,24.52272551,-81.95534149,2.4384,1,1.4384,VR2W,120189,,NA,NA,NA,NA,n,,NA,NA,n,,NA,NA
483,BTTFLK,PRX,2018-06-02T00:00:00,25.11301106,-82.00489894,19.2024,1,18.2024,VR2W,132835,,NA,NA,NA,NA,y,2018-08-11T10:30:00,NA,NA,y,2018-08-11T10:30:00,NA,NA
484,BTTFLK,PRX,2018-08-11T10:30:00,25.11301106,-82.00489894,19.2024,1,18.2024,VR2W,132835,,NA,NA,NA,NA,y,2019-08-08T13:30:00,NA,NA,y,2019-08-08T13:30:00,NA,NA
485,BTTFLK,PRX,2019-08-08T13:30:00,25.11301106,-82.00489894,19.2024,1,18.2024,VR2W,132835,,NA,NA,NA,NA,n,,NA,NA,n,,NA,NA
513,BTTFLK,STURX,2018-04-26T14:00:00,24.76916065,-82.01420635,19.812,1,18.812,VR2Tx,481741,A69-1601-63741,NA,NA,NA,NA,y,2018-08-13T09:35:00,NA,NA,y,2018-08-13T09:35:00,NA,NA
514,BTTFLK,STURX,2018-08-13T09:35:00,24.76916065,-82.01420635,19.812,1,18.812,VR2Tx,481741,A69-1601-63741,NA,NA,NA,NA,y,2019-08-08T15:20:00,NA,NA,y,2019-08-08T15:20:00,NA,NA
515,BTTFLK,STURX,2019-08-08T15:20:00,24.76916065,-82.01420635,19.812,1,18.812,VR2Tx,481741,A69-1601-63741,NA,NA,NA,NA,n,,NA,NA,n,,NA,NA
516,BTTFLK,TARX,2018-04-06T15:00:00,24.57308093,-82.23553907,4.572,1,3.572,VR2Tx,481746,A69-1601-63746,NA,NA,NA,NA,y,2018-08-10T14:20:00,NA,NA,y,2018-08-10T14:20:00,NA,NA
517,BTTFLK,TARX,2018-08-10T14:20:00,24.57308093,-82.23553907,4.572,1,3.572,VR2Tx,481746,A69-1601-63746,NA,NA,NA,NA,y,2019-08-11T12:18:00,NA,NA,y,2019-08-11T12:18:00,NA,NA
518,BTTFLK,TARX,2019-08-11T12:18:00,24.57308093,-82.23553907,4.572,1,3.572,VR2Tx,481746,A69-1601-63746,NA,NA,NA,NA,n,,NA,NA,n,,NA,NA
519,BTTFLK,TUGRX,2018-05-18T16:00:00,24.56414363,-82.32340637,2.4384,1,1.4384,VR2Tx,481748,A69-1601-63748,NA,NA,NA,NA,y,2018-08-10T15:20:00,NA,NA,y,2018-08-10T15:20:00,NA,NA
520,BTTFLK,TUGRX,2018-08-10T15:20:00,24.56414363,-82.32340637,2.4384,1,1.4384,VR2Tx,481748,A69-1601-63748,NA,NA,NA,NA,y,2019-08-11T10:44:00,NA,NA,y,2019-08-11T10:44:00,NA,NA
521,BTTFLK,TUGRX,2019-08-11T10:44:00,24.56414363,-82.32340637,2.4384,1,1.4384,VR2Tx,481748,A69-1601-63748,NA,NA,NA,NA,n,,NA,NA,n,,NA,NA